source,center_index,x,y,z,zernike_distance,complementarity_score
ligand,0,27.366,76.423,81.878,0.7159189487751378,-0.7159189487751378
ligand,20,29.144,75.163,80.385,0.49912642850579636,-0.49912642850579636
ligand,40,28.068,75.867,80.756,0.4928156930003388,-0.4928156930003388
ligand,60,27.539,76.661,80.949,0.5568945342154963,-0.5568945342154963
ligand,80,27.519,76.806,81.378,0.692588721015506,-0.692588721015506
ligand,100,28.699,76.571,80.017,1.3914031448317403,-1.3914031448317403
ligand,120,28.79,75.287,80.915,0.4847330712465959,-0.4847330712465959
ligand,140,29.828,75.494,79.656,0.4132268285408302,-0.4132268285408302
ligand,160,29.059,76.078,79.603,1.335798632310831,-1.335798632310831
ligand,180,28.711,76.871,79.506,1.3082589793376134,-1.3082589793376134
ligand,200,28.699,76.571,80.017,1.3914031448317403,-1.3914031448317403
ligand,220,29.149,75.708,80.243,0.5203490465001982,-0.5203490465001982
ligand,240,30.753,75.912,79.499,0.39104475516445497,-0.39104475516445497
ligand,260,31.128,76.077,79.42,0.5203490465001982,-0.5203490465001982
ligand,280,25.793,72.44,79.779,1.6583358330784577,-1.6583358330784577
ligand,300,25.674,72.584,79.848,1.597536407106996,-1.597536407106996
ligand,320,25.58,72.821,79.48,1.5914953668343934,-1.5914953668343934
ligand,340,25.559,72.902,79.05,1.5714976993067256,-1.5714976993067256
ligand,360,25.427,72.755,78.654,1.659966263747288,-1.659966263747288
ligand,380,25.412,72.561,78.698,1.5065345973092457,-1.5065345973092457
ligand,400,24.03,72.13,78.641,1.2934711364108498,-1.2934711364108498
ligand,420,24.35,72.414,78.681,1.3089068446266967,-1.3089068446266967
ligand,440,24.634,72.692,78.617,1.412396535343962,-1.412396535343962
ligand,460,25.011,72.826,78.537,1.7333486241451734,-1.7333486241451734
ligand,480,23.267,72.086,78.551,1.2063745997221242,-1.2063745997221242
ligand,500,23.754,72.079,78.431,1.2063121581574734,-1.2063121581574734
ligand,520,22.351,71.655,79.56,1.285716304415731,-1.285716304415731
ligand,540,22.69,71.891,79.337,1.3453222605221498,-1.3453222605221498
ligand,560,22.96,72.118,79.025,1.2382978696189402,-1.2382978696189402
ligand,580,23.269,72.241,78.677,1.189857625661893,-1.189857625661893
ligand,600,21.66,71.829,79.81,1.1451250195349376,-1.1451250195349376
ligand,620,21.996,71.621,79.518,1.2456348701294102,-1.2456348701294102
ligand,640,22.463,71.619,79.34,1.2653830383637124,-1.2653830383637124
ligand,660,21.616,72.141,80.845,1.2608066382092138,-1.2608066382092138
ligand,680,21.567,72.297,80.73,1.2402177654915127,-1.2402177654915127
ligand,700,21.432,72.221,80.504,1.1659273673062316,-1.1659273673062316
ligand,720,21.441,71.917,80.171,1.1290106501737724,-1.1290106501737724
ligand,740,21.181,72.942,81.843,1.411111343230037,-1.411111343230037
ligand,760,21.336,72.569,81.581,1.3699483985724616,-1.3699483985724616
ligand,780,19.757,75.927,81.609,0.909455541250956,-0.909455541250956
ligand,800,19.057,76.769,80.605,0.8097887997032079,-0.8097887997032079
ligand,820,18.917,76.626,80.616,0.6738732500784724,-0.6738732500784724
ligand,840,19.065,76.386,80.951,0.7191994087559169,-0.7191994087559169
ligand,860,19.344,76.323,81.3,0.7171491557366663,-0.7171491557366663
ligand,880,19.756,76.272,81.518,0.6594483443448133,-0.6594483443448133
ligand,900,19.887,76.276,81.367,0.7062085924094538,-0.7062085924094538
ligand,920,18.429,78.629,81.341,0.6173914545771426,-0.6173914545771426
ligand,940,18.236,78.322,81.06,1.6885464752311834,-1.6885464752311834
ligand,960,18.146,77.914,80.921,1.6288803616512288,-1.6288803616512288
ligand,980,18.261,77.531,80.895,1.464404246529582,-1.464404246529582
ligand,1000,18.525,77.318,80.87,0.6025850806739178,-0.6025850806739178
ligand,1020,18.779,77.203,80.747,0.6041396789887061,-0.6041396789887061
ligand,1040,18.504,78.42,81.248,0.7571214554627449,-0.7571214554627449
ligand,1060,18.401,78.51,81.763,0.6841591122464904,-0.6841591122464904
ligand,1080,15.183,74.814,84.652,0.705480089844583,-0.705480089844583
ligand,1100,14.872,74.16,83.729,0.6037412126610668,-0.6037412126610668
ligand,1120,16.512,74.287,82.535,0.8146466379547563,-0.8146466379547563
ligand,1140,16.811,74.389,83.115,1.5068236173674647,-1.5068236173674647
ligand,1160,15.191,74.177,84.307,1.1219933141846237,-1.1219933141846237
ligand,1180,14.666,73.598,83.149,0.8579349271823605,-0.8579349271823605
ligand,1200,16.027,72.525,81.254,1.0342410791466177,-1.0342410791466177
ligand,1220,16.257,72.604,81.697,1.355223549009878,-1.355223549009878
ligand,1240,14.611,72.755,82.857,1.2413515283913892,-1.2413515283913892
ligand,1260,14.03,72.088,81.735,1.2377209889308969,-1.2377209889308969
ligand,1280,15.945,72.188,81.094,0.9516086511447539,-0.9516086511447539
ligand,1300,16.165,72.281,81.539,1.196175928821609,-1.196175928821609
ligand,1320,15.661,70.839,80.905,1.2695608661947901,-1.2695608661947901
ligand,1340,13.972,71.491,81.817,1.6255883685781358,-1.6255883685781358
ligand,1360,13.386,70.553,81.005,1.4183347932973343,-1.4183347932973343
ligand,1380,15.29,70.354,80.336,1.3273881367552935,-1.3273881367552935
ligand,1400,15.532,70.514,80.791,1.18250288434309,-1.18250288434309
ligand,1420,13.118,69.668,81.046,1.4883765938183044,-1.4883765938183044
ligand,1440,12.717,68.936,80.213,1.5304009174072664,-1.5304009174072664
ligand,1460,14.414,68.345,79.821,1.3901512853014293,-1.3901512853014293
ligand,1480,14.899,68.34,80.211,1.278096925475329,-1.278096925475329
ligand,1500,12.463,69.371,80.938,1.5292983300941811,-1.5292983300941811
ligand,1520,13.132,68.17,79.719,1.4466324551213157,-1.4466324551213157
ligand,1540,12.842,67.493,79.222,1.3804567012027875,-1.3804567012027875
ligand,1560,13.134,67.746,79.362,1.2813831131439257,-1.2813831131439257
ligand,1580,13.414,67.871,79.627,1.3769048517136817,-1.3769048517136817
ligand,1600,12.877,66.921,78.453,1.4631228715867286,-1.4631228715867286
ligand,1620,12.918,66.916,78.879,1.4416042254168582,-1.4416042254168582
ligand,1640,12.843,67.152,79.239,1.4381292190126405,-1.4381292190126405
ligand,1660,13.411,68.062,79.686,1.3842599903287196,-1.3842599903287196
ligand,1680,12.453,66.956,78.421,1.46799631002133,-1.46799631002133
ligand,1700,11.854,67.032,77.197,1.229317694782165,-1.229317694782165
ligand,1720,12.184,66.984,77.356,1.1758963395049291,-1.1758963395049291
ligand,1740,12.449,66.793,77.54,1.2498020920017474,-1.2498020920017474
ligand,1760,12.547,66.603,77.884,1.3946401820138912,-1.3946401820138912
ligand,1780,12.503,66.641,78.304,1.4920657326080329,-1.4920657326080329
ligand,1800,11.774,66.855,77.149,1.241260505847637,-1.241260505847637
ligand,1820,10.907,68.115,76.296,1.2668593985642849,-1.2668593985642849
ligand,1840,11.283,67.903,76.471,1.3742792981263203,-1.3742792981263203
ligand,1860,11.625,67.606,76.494,1.2875254490442736,-1.2875254490442736
ligand,1880,11.808,67.199,76.556,1.2027297730004367,-1.2027297730004367
ligand,1900,11.856,66.837,76.818,1.1578025812722736,-1.1578025812722736
ligand,1920,10.833,68.226,75.959,1.2077906147983402,-1.2077906147983402
ligand,1940,9.9488,69.661,76.069,1.575904975833578,-1.575904975833578
ligand,1960,10.248,69.369,76.168,1.5230633934477804,-1.5230633934477804
ligand,1980,10.618,69.129,76.134,1.273758311184611,-1.273758311184611
ligand,2000,10.899,68.789,75.976,1.2124587600557621,-1.2124587600557621
ligand,2020,11.006,68.312,75.909,1.153418279709991,-1.153418279709991
ligand,2040,9.9836,69.974,75.926,1.317402626665774,-1.317402626665774
ligand,2060,10.051,69.523,75.929,1.5982602924674199,-1.5982602924674199
ligand,2080,9.4912,70.474,76.843,1.879561309942395,-1.879561309942395
ligand,2100,9.789,70.342,76.64,1.8038194520496194,-1.8038194520496194
ligand,2120,10.031,70.261,76.349,1.6202499313735523,-1.6202499313735523
ligand,2140,9.3393,71.206,77.553,1.7231851955960005,-1.7231851955960005
ligand,2160,9.2898,71.041,77.156,1.8585555619867438,-1.8585555619867438
ligand,2180,9.3115,70.75,76.836,1.8840559508819112,-1.8840559508819112
ligand,2200,9.2371,71.036,78.414,1.962127105636956,-1.962127105636956
ligand,2220,9.3523,71.306,78.158,1.929481594926162,-1.929481594926162
ligand,2240,9.1167,71.285,77.923,1.8335544662110674,-1.8335544662110674
ligand,2260,9.0497,71.047,78.187,1.920631625777826,-1.920631625777826
ligand,2280,7.842,67.196,69.754,1.756718463675483,-1.756718463675483
ligand,2300,7.842,68.196,69.868,1.6804044837746166,-1.6804044837746166
ligand,2320,5.842,67.896,70.58,1.942628230538028,-1.942628230538028
ligand,2340,6.342,66.196,71.03,2.0245219153676763,-2.0245219153676763
ligand,2360,8.7686,68.196,71.08,1.3465707128206412,-1.3465707128206412
ligand,2380,5.842,66.459,71.58,2.080375956949559,-2.080375956949559
ligand,2400,6.342,69.196,71.188,1.6180478668907137,-1.6180478668907137
ligand,2420,5.842,66.196,71.812,2.053239147199738,-2.053239147199738
ligand,2440,5.7027,69.696,72.08,1.5771036954677746,-1.5771036954677746
ligand,2460,7.342,65.563,72.58,1.6128515673147108,-1.6128515673147108
ligand,2480,8.5689,68.196,72.58,1.9189776449418583,-1.9189776449418583
ligand,2500,7.842,70.381,72.58,1.5852446605734287,-1.5852446605734287
ligand,2520,8.3373,67.196,73.08,2.2436558580557335,-2.2436558580557335
ligand,2540,29.342,69.696,72.96,2.4706436389449418,-2.4706436389449418
ligand,2560,6.342,70.696,72.797,1.4051696830967764,-1.4051696830967764
ligand,2580,5.3296,65.696,73.58,2.169901035881024,-2.169901035881024
ligand,2600,9.0603,68.696,73.58,1.6426688906589308,-1.6426688906589308
ligand,2620,4.807,69.696,73.58,1.3749502055775287,-1.3749502055775287
ligand,2640,27.842,70.552,73.58,1.75023808109754,-1.75023808109754
ligand,2660,28.342,71.186,73.58,1.6886893951044746,-1.6886893951044746
ligand,2680,26.01,74.196,73.58,1.148732864020784,-1.148732864020784
ligand,2700,27.337,75.196,73.58,1.2743052390313274,-1.2743052390313274
ligand,2720,7.842,66.226,74.08,3.079004821835498,-3.079004821835498
ligand,2740,28.842,68.696,73.734,2.328880702497958,-2.328880702497958
ligand,2760,10.342,69.696,74.029,1.5607921482605747,-1.5607921482605747
ligand,2780,27.842,70.696,73.603,1.656007553506664,-1.656007553506664
ligand,2800,9.842,71.196,73.889,1.3257415932544618,-1.3257415932544618
ligand,2820,29.342,71.806,74.08,1.685323327330407,-1.685323327330407
ligand,2840,27.842,73.914,74.08,1.4688334384491644,-1.4688334384491644
ligand,2860,24.842,75.789,74.08,1.2707311148929894,-1.2707311148929894
ligand,2880,7.3421,66.196,74.58,2.945691265997287,-2.945691265997287
ligand,2900,8.842,67.76,74.58,2.0256001004480217,-2.0256001004480217
ligand,2920,4.6723,69.196,74.58,1.1039817908239768,-1.1039817908239768
ligand,2940,10.842,70.196,74.48,1.4065921478272752,-1.4065921478272752
ligand,2960,7.342,71.433,74.58,1.5807883401296825,-1.5807883401296825
ligand,2980,26.342,71.696,74.438,1.3678300789528404,-1.3678300789528404
ligand,3000,27.342,72.696,74.282,1.5152479239024021,-1.5152479239024021
ligand,3020,25.342,73.701,74.58,0.9489706107613171,-0.9489706107613171
ligand,3040,24.342,76.588,74.58,1.1136212074878518,-1.1136212074878518
ligand,3060,27.342,76.696,74.396,1.3104900946376916,-1.3104900946376916
ligand,3080,7.342,66.839,75.08,3.5305351344937095,-3.5305351344937095
ligand,3100,10.842,67.771,75.08,1.1937547314996515,-1.1937547314996515
ligand,3120,11.342,69.196,75.003,1.3668847802536679,-1.3668847802536679
ligand,3140,11.342,70.615,75.08,1.2454016375730397,-1.2454016375730397
ligand,3160,7.342,71.427,75.08,1.5989863634085,-1.5989863634085
ligand,3180,30.342,71.894,75.08,1.71978626517176,-1.71978626517176
ligand,3200,28.46,73.696,75.08,1.4979234783714492,-1.4979234783714492
ligand,3220,28.881,75.696,75.08,1.1814716982497406,-1.1814716982497406
ligand,3240,29.342,76.696,75.024,1.1567918001258881,-1.1567918001258881
ligand,3260,27.342,78.196,75.08,1.3894573115928601,-1.3894573115928601
ligand,3280,10.842,66.696,75.53,1.2626051944488355,-1.2626051944488355
ligand,3300,7.342,67.214,75.58,3.413286412135272,-3.413286412135272
ligand,3320,12.342,68.196,75.399,0.9849135168827649,-0.9849135168827649
ligand,3340,29.842,69.196,75.795,2.3109837815263226,-2.3109837815263226
ligand,3360,11.842,70.416,75.58,1.2349912868956276,-1.2349912868956276
ligand,3380,10.842,71.597,75.58,1.2671964736366768,-1.2671964736366768
ligand,3400,30.255,72.196,75.58,1.4520987114092325,-1.4520987114092325
ligand,3420,28.549,74.196,75.58,1.5833176285799015,-1.5833176285799015
ligand,3440,24.776,77.196,75.58,1.3059911932593704,-1.3059911932593704
ligand,3460,28.842,78.196,75.283,1.0588526765161208,-1.0588526765161208
ligand,3480,10.138,66.696,76.08,1.2428623138393893,-1.2428623138393893
ligand,3500,8.842,67.696,76.537,2.3208762227673394,-2.3208762227673394
ligand,3520,13.511,69.196,76.08,0.9489563416707171,-0.9489563416707171
ligand,3540,27.342,69.266,76.08,1.7094303557258703,-1.7094303557258703
ligand,3560,11.842,70.877,76.08,1.2645304596468436,-1.2645304596468436
ligand,3580,10.842,71.696,75.73,1.2901609683670616,-1.2901609683670616
ligand,3600,30.232,72.196,76.08,1.4121615122359088,-1.4121615122359088
ligand,3620,23.023,74.696,76.08,1.0024367191782912,-1.0024367191782912
ligand,3640,30.116,76.696,76.08,1.0520976429168398,-1.0520976429168398
ligand,3660,15.842,78.196,75.717,1.137743881921582,-1.137743881921582
ligand,3680,27.842,78.696,75.892,1.0989629423161165,-1.0989629423161165
ligand,3700,10.601,65.696,76.58,1.4895911198287954,-1.4895911198287954
ligand,3720,6.842,68.026,76.58,3.7324535697628973,-3.7324535697628973
ligand,3740,26.318,69.696,76.58,1.1976246388755238,-1.1976246388755238
ligand,3760,13.342,70.196,76.314,0.9761505595624809,-0.9761505595624809
ligand,3780,12.023,71.196,76.58,1.1692717939208808,-1.1692717939208808
ligand,3800,10.342,72.196,76.193,1.0342512696747068,-1.0342512696747068
ligand,3820,10.342,72.842,76.58,0.9010771477815906,-0.9010771477815906
ligand,3840,29.342,73.196,76.604,1.699800201099534,-1.699800201099534
ligand,3860,29.355,74.196,76.58,1.5914440416593487,-1.5914440416593487
ligand,3880,23.288,75.696,76.58,1.0215653293243168,-1.0215653293243168
ligand,3900,15.342,77.196,76.534,1.2738528981036061,-1.2738528981036061
ligand,3920,14.55,78.196,76.58,1.1697885746767838,-1.1697885746767838
ligand,3940,28.342,78.696,76.58,1.1744515987667474,-1.1744515987667474
ligand,3960,11.342,65.196,77.514,1.33064282678598,-1.33064282678598
ligand,3980,9.842,67.196,77.361,1.6727378632541698,-1.6727378632541698
ligand,4000,13.807,68.696,77.08,1.0401377290112226,-1.0401377290112226
ligand,4020,7.0633,70.196,77.08,2.078562072278259,-2.078562072278259
ligand,4040,13.842,70.696,76.996,1.04918655099736,-1.04918655099736
ligand,4060,12.342,71.696,76.885,1.111164153234702,-1.111164153234702
ligand,4080,12.342,72.696,76.616,1.1900216876230958,-1.1900216876230958
ligand,4100,11.842,73.196,76.595,1.2298398763803078,-1.2298398763803078
ligand,4120,10.021,74.196,77.08,0.9941791430705684,-0.9941791430705684
ligand,4140,10.842,75.196,76.761,1.1013012032842253,-1.1013012032842253
ligand,4160,23.822,75.696,77.08,1.0755276650882661,-1.0755276650882661
ligand,4180,10.431,76.696,77.08,0.913689849841536,-0.913689849841536
ligand,4200,10.596,77.196,77.08,0.9148541491380131,-0.9148541491380131
ligand,4220,14.342,77.605,77.08,1.2120873675679076,-1.2120873675679076
ligand,4240,17.939,78.696,77.08,1.552865061424811,-1.552865061424811
ligand,4260,16.342,80.196,76.959,1.5551461585855058,-1.5551461585855058
ligand,4280,14.404,66.696,77.58,1.1036000687820222,-1.1036000687820222
ligand,4300,13.962,69.196,77.58,1.0232951117542743,-1.0232951117542743
ligand,4320,7.5493,70.696,77.58,2.2640411075591538,-2.2640411075591538
ligand,4340,13.342,71.696,77.131,1.230375619458282,-1.230375619458282
ligand,4360,22.032,72.196,77.58,0.8926143219318197,-0.8926143219318197
ligand,4380,8.842,73.352,77.58,1.1003053596510026,-1.1003053596510026
ligand,4400,9.842,74.665,77.58,1.101602212305139,-1.101602212305139
ligand,4420,23.342,74.921,77.58,1.0024699444337994,-1.0024699444337994
ligand,4440,10.16,75.696,77.58,1.0161884738984497,-1.0161884738984497
ligand,4460,15.342,76.012,77.58,1.2238195427063272,-1.2238195427063272
ligand,4480,14.342,76.696,77.256,1.4051571532067972,-1.4051571532067972
ligand,4500,25.725,77.196,77.58,1.455807295584193,-1.455807295584193
ligand,4520,18.342,77.696,77.457,1.2596044076891846,-1.2596044076891846
ligand,4540,18.842,78.761,77.58,1.3047642813446876,-1.3047642813446876
ligand,4560,15.342,80.646,77.58,1.483698609296943,-1.483698609296943
ligand,4580,14.342,66.196,78.094,1.1989778887044196,-1.1989778887044196
ligand,4600,14.342,70.196,77.62,1.1436859543218265,-1.1436859543218265
ligand,4620,24.342,70.548,78.08,1.053208889336504,-1.053208889336504
ligand,4640,22.342,71.559,78.08,0.9980247896447477,-0.9980247896447477
ligand,4660,8.1414,73.196,78.08,1.066807947780765,-1.066807947780765
ligand,4680,29.594,74.196,78.08,1.4211936460256251,-1.4211936460256251
ligand,4700,30.342,74.624,78.08,1.1505024942769464,-1.1505024942769464
ligand,4720,16.342,75.747,78.08,1.1924852576557234,-1.1924852576557234
ligand,4740,10.342,77.703,78.08,0.9335346729598312,-0.9335346729598312
ligand,4760,27.842,78.504,78.08,1.1701288706075514,-1.1701288706075514
ligand,4780,16.842,80.402,78.08,1.7134789313611547,-1.7134789313611547
ligand,4800,10.41,66.696,78.58,1.478981800649006,-1.478981800649006
ligand,4820,14.842,69.696,78.493,1.1544460872381,-1.1544460872381
ligand,4840,27.842,70.238,78.58,1.6645413713872341,-1.6645413713872341
ligand,4860,20.842,71.696,78.427,0.9276459374862516,-0.9276459374862516
ligand,4880,21.342,73.485,78.58,1.1325736074866128,-1.1325736074866128
ligand,4900,29.842,73.965,78.58,1.0703655834375718,-1.0703655834375718
ligand,4920,31.342,74.696,78.465,0.6737927125161434,-0.6737927125161434
ligand,4940,18.014,76.196,78.58,1.1700118647733568,-1.1700118647733568
ligand,4960,26.342,77.237,78.58,1.6539992102283907,-1.6539992102283907
ligand,4980,13.547,78.696,78.58,1.1776086585910457,-1.1776086585910457
ligand,5000,14.73,80.696,78.58,1.1842691929852895,-1.1842691929852895
ligand,5020,11.342,65.956,79.08,1.415970769538984,-1.415970769538984
ligand,5040,15.342,68.422,79.08,1.1711834416122664,-1.1711834416122664
ligand,5060,21.342,69.696,78.924,1.0270921604040784,-1.0270921604040784
ligand,5080,23.342,70.516,79.08,1.1756049389502397,-1.1756049389502397
ligand,5100,20.342,72.658,79.08,1.0178762219731483,-1.0178762219731483
ligand,5120,30.842,73.64,79.08,0.723145655633263,-0.723145655633263
ligand,5140,21.797,74.696,79.08,0.8247900107746704,-0.8247900107746704
ligand,5160,26.342,75.845,79.08,1.9944124977601914,-1.9944124977601914
ligand,5180,26.362,76.696,79.08,1.802451764222888,-1.802451764222888
ligand,5200,26.842,77.969,79.08,1.5173555823008467,-1.5173555823008467
ligand,5220,15.216,80.696,79.08,1.390953716175806,-1.390953716175806
ligand,5240,14.342,65.903,79.58,1.3420117690986724,-1.3420117690986724
ligand,5260,16.709,68.696,79.58,1.214574901394803,-1.214574901394803
ligand,5280,20.342,69.385,79.58,1.1636631759055729,-1.1636631759055729
ligand,5300,16.342,70.696,79.487,0.8676535950955853,-0.8676535950955853
ligand,5320,19.842,72.196,79.469,1.2127589513038364,-1.2127589513038364
ligand,5340,31.342,73.696,79.154,0.4235026038620092,-0.4235026038620092
ligand,5360,17.47,75.196,79.58,1.2218783841881116,-1.2218783841881116
ligand,5380,19.842,76.196,79.396,0.9206289928816382,-0.9206289928816382
ligand,5400,26.842,77.696,79.611,1.6224773624469595,-1.6224773624469595
ligand,5420,13.342,64.196,80.061,1.1114525044225076,-1.1114525044225076
ligand,5440,14.903,66.196,80.08,1.2181320380290994,-1.2181320380290994
ligand,5460,16.939,68.696,80.08,1.2231771036031578,-1.2231771036031578
ligand,5480,17.169,69.696,80.08,1.123511790793329,-1.123511790793329
ligand,5500,25.342,70.196,79.899,1.1322982706964484,-1.1322982706964484
ligand,5520,16.342,72.696,79.947,0.9063757321915044,-0.9063757321915044
ligand,5540,16.219,74.196,80.08,1.1784162574566275,-1.1784162574566275
ligand,5560,17.842,74.879,80.08,1.0395032295264897,-1.0395032295264897
ligand,5580,26.842,77.505,80.08,0.7621338228801344,-0.7621338228801344
ligand,5600,12.342,64.02,80.58,1.1269107229901003,-1.1269107229901003
ligand,5620,11.462,65.696,80.58,1.2241751144658501,-1.2241751144658501
ligand,5640,16.342,68.196,80.722,1.089951667434321,-1.089951667434321
ligand,5660,24.342,68.696,80.519,0.8101178406203439,-0.8101178406203439
ligand,5680,19.342,70.146,80.58,1.298603961473445,-1.298603961473445
ligand,5700,18.842,71.696,80.567,1.2577024331537348,-1.2577024331537348
ligand,5720,18.342,73.196,80.491,0.9792373234311871,-0.9792373234311871
ligand,5740,17.342,74.696,80.383,1.372913337989747,-1.372913337989747
ligand,5760,13.647,79.196,80.58,1.3890494394611477,-1.3890494394611477
ligand,5780,14.633,64.196,81.08,0.9435768135223171,-0.9435768135223171
ligand,5800,10.342,67.622,81.08,1.307352513420235,-1.307352513420235
ligand,5820,22.342,68.43,81.08,0.9094834504180965,-0.9094834504180965
ligand,5840,25.342,69.497,81.08,0.700293637339151,-0.700293637339151
ligand,5860,18.842,71.196,80.924,1.397077402745455,-1.397077402745455
ligand,5880,26.342,76.196,80.711,0.8420951198512828,-0.8420951198512828
ligand,5900,11.842,64.121,81.58,0.7975238595849623,-0.7975238595849623
ligand,5920,15.748,67.196,81.58,1.0450578906593115,-1.0450578906593115
ligand,5940,25.058,68.696,81.58,0.788922045578604,-0.788922045578604
ligand,5960,19.842,69.796,81.58,1.3985500885490632,-1.3985500885490632
ligand,5980,13.842,63.685,82.08,0.7832373996050641,-0.7832373996050641
ligand,6000,15.642,66.196,82.08,0.9005193232558999,-0.9005193232558999
ligand,6020,24.605,68.196,82.08,1.0029550632277697,-1.0029550632277697
ligand,6040,20.842,69.206,82.08,1.149922427646555,-1.149922427646555
ligand,6060,13.842,63.955,82.58,0.8516786881883427,-0.8516786881883427
ligand,6080,10.993,66.696,82.58,1.0812577760307758,-1.0812577760307758
ligand,6100,25.342,68.696,82.495,1.0080892779995585,-1.0080892779995585
ligand,6120,19.242,70.196,82.58,1.4944780236841924,-1.4944780236841924
ligand,6140,14.342,64.95,83.08,0.6811819346262623,-0.6811819346262623
ligand,6160,23.842,67.962,83.08,1.0449098488439037,-1.0449098488439037
ligand,6180,25.884,69.196,83.08,0.8813058554815251,-0.8813058554815251
ligand,6200,12.842,65.506,83.58,0.7585595220264669,-0.7585595220264669
ligand,6220,16.342,67.522,83.58,0.9625857336736513,-0.9625857336736513
ligand,6240,25.342,68.648,83.58,1.1026856660259388,-1.1026856660259388
ligand,6260,12.711,66.196,84.08,1.137986901511243,-1.137986901511243
ligand,6280,16.842,67.861,84.08,0.9193983930024737,-0.9193983930024737
ligand,6300,20.724,69.196,84.08,0.957065133339191,-0.957065133339191
ligand,6320,14.342,66.696,84.659,0.8615423338763026,-0.8615423338763026
ligand,6340,22.418,68.696,84.58,0.7822251579969753,-0.7822251579969753
ligand,6360,20.842,69.253,84.58,0.8598238400426101,-0.8598238400426101
ligand,6380,22.342,68.696,84.748,0.7565400870616183,-0.7565400870616183
ligand,6400,25.342,69.51,85.08,0.8054992967474821,-0.8054992967474821
ligand,6420,22.342,68.696,85.796,0.6596728152292299,-0.6596728152292299
ligand,6440,19.842,69.696,85.689,1.0740778803071187,-1.0740778803071187
ligand,6460,22.842,68.605,86.08,0.6992724045568399,-0.6992724045568399
ligand,6480,20.342,69.696,86.23,0.9948614653232398,-0.9948614653232398
ligand,6500,16.476,67.696,86.58,0.8908133558558861,-0.8908133558558861
ligand,6520,23.342,68.937,86.58,0.4609213245345241,-0.4609213245345241
ligand,6540,24.842,69.749,86.58,0.7939612376176837,-0.7939612376176837
ligand,6560,13.948,68.196,87.08,0.7759714326141568,-0.7759714326141568
ligand,6580,21.842,69.324,87.08,0.635455279479934,-0.635455279479934
ligand,6600,24.842,69.995,87.08,0.6387467147180693,-0.6387467147180693
ligand,6620,15.842,67.385,87.58,0.6635303241108035,-0.6635303241108035
ligand,6640,14.253,70.196,87.58,0.7212252430427654,-0.7212252430427654
ligand,6660,22.842,70.696,87.625,0.6064732718271011,-0.6064732718271011
ligand,6680,14.488,68.696,88.08,0.7289485039437078,-0.7289485039437078
ligand,6700,21.842,70.887,88.08,0.6338097779489276,-0.6338097779489276
ligand,6720,5.5646,67.696,71.477,2.0377033745190363,-2.0377033745190363
ligand,6740,7.6351,69.388,71.272,1.287840133154136,-1.287840133154136
ligand,6760,5.4881,68.64,72.08,2.0096178028237914,-2.0096178028237914
ligand,6780,5.342,67.261,72.109,1.9591992811519823,-1.9591992811519823
ligand,6800,5.2504,68.311,72.965,1.9474224144322292,-1.9474224144322292
ligand,6820,5.7187,70.283,72.696,1.4257811122066477,-1.4257811122066477
ligand,6840,8.6452,68.196,73.508,1.9408276392755683,-1.9408276392755683
ligand,6860,5.1038,67.82,74.08,2.0404065909213185,-2.0404065909213185
ligand,6880,27.738,71.092,73.857,1.6855497256290242,-1.6855497256290242
ligand,6900,25.243,75.836,74.08,1.3354615289429845,-1.3354615289429845
ligand,6920,10.342,68.721,74.547,1.5626556094856185,-1.5626556094856185
ligand,6940,7.2772,71.421,74.58,1.5152185636307935,-1.5152185636307935
ligand,6960,28.342,75.541,74.538,1.3488564746708098,-1.3488564746708098
ligand,6980,27.842,72.967,74.349,1.5906130466085424,-1.5906130466085424
ligand,7000,26.894,76.748,74.494,1.3169656568246224,-1.3169656568246224
ligand,7020,10.533,71.106,74.588,1.3010182823959193,-1.3010182823959193
ligand,7040,28.333,73.217,74.705,1.6390934643745443,-1.6390934643745443
ligand,7060,11.457,69.207,75.08,1.2990056112415918,-1.2990056112415918
ligand,7080,6.501,67.196,75.295,3.2692977300900767,-3.2692977300900767
ligand,7100,27.842,69.145,75.58,1.9398020322292622,-1.9398020322292622
ligand,7120,25.499,71.974,75.258,1.0879734431877646,-1.0879734431877646
ligand,7140,26.651,78.171,75.505,1.4050761706682267,-1.4050761706682267
ligand,7160,12.022,69.696,75.412,1.2995873432732639,-1.2995873432732639
ligand,7180,8.842,67.492,76.064,2.346747147927638,-2.346747147927638
ligand,7200,29.139,69.011,75.877,2.5184609178297634,-2.5184609178297634
ligand,7220,6.5259,70.904,75.764,1.5530667571828136,-1.5530667571828136
ligand,7240,28.842,73.78,75.898,1.5362365572965508,-1.5362365572965508
ligand,7260,26.633,78.268,75.789,1.4080671742513322,-1.4080671742513322
ligand,7280,8.7315,67.672,76.436,2.508019892855543,-2.508019892855543
ligand,7300,25.568,70.108,76.375,1.182937403574704,-1.182937403574704
ligand,7320,29.28,73.583,76.549,1.6894235323689435,-1.6894235323689435
ligand,7340,11.609,71.963,76.343,1.0732699260771683,-1.0732699260771683
ligand,7360,22.824,74.504,76.559,0.9079247141335952,-0.9079247141335952
ligand,7380,9.8022,67.022,77.08,1.6351089686527145,-1.6351089686527145
ligand,7400,13.842,70.529,76.95,1.0885041389157146,-1.0885041389157146
ligand,7420,29.147,72.999,77.08,2.0332945705190038,-2.0332945705190038
ligand,7440,15.715,76.731,77.021,1.4468822139070803,-1.4468822139070803
ligand,7460,14.842,79.773,76.757,1.3660275149951449,-1.3660275149951449
ligand,7480,12.423,73.777,76.668,1.2339885464837739,-1.2339885464837739
ligand,7500,11.842,76.102,76.8,1.1252304577400862,-1.1252304577400862
ligand,7520,9.8657,67.196,77.407,1.6905829529890708,-1.6905829529890708
ligand,7540,7.4281,70.196,77.545,2.3074294948896004,-2.3074294948896004
ligand,7560,29.211,72.597,77.358,2.2449100821895334,-2.2449100821895334
ligand,7580,23.342,75.038,77.396,1.0450519539497456,-1.0450519539497456
ligand,7600,15.572,76.676,77.127,1.4297225372858788,-1.4297225372858788
ligand,7620,28.842,78.357,77.511,1.1005445658959145,-1.1005445658959145
ligand,7640,14.847,73.262,77.564,1.0548674527464117,-1.0548674527464117
ligand,7660,12.997,76.351,77.254,1.328583559879547,-1.328583559879547
ligand,7680,9.842,67.45,77.964,1.842226998251835,-1.842226998251835
ligand,7700,29.612,72.168,78.043,1.7728958949141622,-1.7728958949141622
ligand,7720,9.05,73.611,77.875,1.1068236832435119,-1.1068236832435119
ligand,7740,25.053,75.16,77.89,1.427686908125273,-1.427686908125273
ligand,7760,31.07,76.231,77.974,1.118479146214029,-1.118479146214029
ligand,7780,27.072,78.196,77.704,1.2917540809498727,-1.2917540809498727
ligand,7800,15.362,73.281,77.937,0.8991297568482179,-0.8991297568482179
ligand,7820,10.279,66.89,78.58,1.516231640440689,-1.516231640440689
ligand,7840,7.5352,70.179,78.114,2.674695214818753,-2.674695214818753
ligand,7860,22.596,71.306,78.212,0.9868436948660496,-0.9868436948660496
ligand,7880,29.293,73.379,78.325,1.6153008873971149,-1.6153008873971149
ligand,7900,30.479,74.696,78.104,1.141094227745336,-1.141094227745336
ligand,7920,16.825,75.77,78.563,1.13009484299444,-1.13009484299444
ligand,7940,18.734,77.196,78.33,1.3867831436156808,-1.3867831436156808
ligand,7960,18.982,79.88,78.44,0.9391565019683331,-0.9391565019683331
ligand,7980,9.8157,75.714,78.58,1.0462727898041821,-1.0462727898041821
ligand,8000,11.018,66.199,79.003,1.3946043804259776,-1.3946043804259776
ligand,8020,14.825,68.725,78.852,1.258556668148786,-1.258556668148786
ligand,8040,24.342,70.597,78.694,0.9850550818027561,-0.9850550818027561
ligand,8060,7.6096,72.196,78.743,0.7779478012962661,-0.7779478012962661
ligand,8080,23.842,74.457,78.632,1.099016109989252,-1.099016109989252
ligand,8100,18.273,75.969,78.975,1.3498725204963502,-1.3498725204963502
ligand,8120,18.002,79.984,78.676,2.0085411061932232,-2.0085411061932232
ligand,8140,30.524,73.367,79.08,0.888939670521372,-0.888939670521372
ligand,8160,11.838,65.516,79.58,1.4843989805288302,-1.4843989805288302
ligand,8180,16.342,70.851,79.57,0.856501456482217,-0.856501456482217
ligand,8200,16.339,72.196,79.516,0.8914859294255625,-0.8914859294255625
ligand,8220,30.534,73.366,79.083,0.8975606390744691,-0.8975606390744691
ligand,8240,32.551,75.45,79.082,0.4673240970906645,-0.4673240970906645
ligand,8260,13.883,79.402,79.27,1.3898572287064779,-1.3898572287064779
ligand,8280,13.348,65.195,79.158,1.3394595249758225,-1.3394595249758225
ligand,8300,18.296,75.433,79.58,1.095305976215723,-1.095305976215723
ligand,8320,23.427,70.026,79.682,1.1072868387325299,-1.1072868387325299
ligand,8340,19.78,71.196,79.75,1.2735930004360458,-1.2735930004360458
ligand,8360,21.097,74.451,79.79,0.8427108558726379,-0.8427108558726379
ligand,8380,12.342,77.578,79.709,1.111160670682149,-1.111160670682149
ligand,8400,19.861,74.401,80.08,0.9523152623011836,-0.9523152623011836
ligand,8420,15.822,67.77,80.48,1.1365177750396955,-1.1365177750396955
ligand,8440,19.343,74.367,80.144,0.9116678761489188,-0.9116678761489188
ligand,8460,18.342,74.804,80.164,0.9426595683336783,-0.9426595683336783
ligand,8480,12.357,77.44,80.556,1.2910211362059916,-1.2910211362059916
ligand,8500,13.492,78.82,80.456,1.5538987341180555,-1.5538987341180555
ligand,8520,17.692,72.769,80.509,1.112455943305075,-1.112455943305075
ligand,8540,11.07,66.472,80.804,1.324955320810864,-1.324955320810864
ligand,8560,26.011,70.157,80.73,0.9598615591181912,-0.9598615591181912
ligand,8580,17.842,73.366,80.661,0.9063519993752568,-0.9063519993752568
ligand,8600,13.785,79.397,80.637,1.4133380347907147,-1.4133380347907147
ligand,8620,17.664,71.696,80.867,1.329631315115622,-1.329631315115622
ligand,8640,10.925,67.196,81.236,1.4132829660829878,-1.4132829660829878
ligand,8660,21.516,68.698,81.58,0.846444904435409,-0.846444904435409
ligand,8680,26.223,76.804,81.188,0.5949537540723095,-0.5949537540723095
ligand,8700,10.55,67.469,82.08,0.5421430868474303,-0.5421430868474303
ligand,8720,21.165,68.897,81.903,1.0230111174704979,-1.0230111174704979
ligand,8740,15.054,65.289,82.58,0.9838434455923122,-0.9838434455923122
ligand,8760,16.41,68.48,82.58,1.248878323977487,-1.248878323977487
ligand,8780,19.463,70.196,82.137,1.4477866181787797,-1.4477866181787797
ligand,8800,23.453,68.018,82.691,1.0322532027491755,-1.0322532027491755
ligand,8820,18.842,70.15,82.784,1.5363551188000864,-1.5363551188000864
ligand,8840,17.331,68.6,83.58,0.9337110363785526,-0.9337110363785526
ligand,8860,18.97,69.524,83.58,1.032278342161955,-1.032278342161955
ligand,8880,17.432,68.625,83.651,0.9461500966631463,-0.9461500966631463
ligand,8900,15.842,67.264,84.556,0.9027205724133032,-0.9027205724133032
ligand,8920,13.069,66.795,84.892,0.7447437145196262,-0.7447437145196262
ligand,8940,24.842,69.042,84.798,0.9258779627455832,-0.9258779627455832
ligand,8960,19.001,69.599,84.739,0.8376012100507978,-0.8376012100507978
ligand,8980,21.842,68.93,85.485,0.8439496704229198,-0.8439496704229198
ligand,9000,16.073,67.629,86.002,0.9556893574492139,-0.9556893574492139
ligand,9020,16.983,68.059,86.381,0.9899985275517734,-0.9899985275517734
ligand,9040,18.122,69.709,86.257,1.0123258464001164,-1.0123258464001164
ligand,9060,22.729,69.196,86.86,0.5551135608419059,-0.5551135608419059
ligand,9080,20.493,70.715,87.08,0.7455945421040276,-0.7455945421040276
ligand,9100,17.374,69.716,87.56,0.8524043031564782,-0.8524043031564782
ligand,9120,18.659,71.227,87.194,1.1140851814370365,-1.1140851814370365
ligand,9140,13.942,70.708,87.676,0.8181657740425331,-0.8181657740425331
ligand,9160,17.616,70.443,88.333,0.93103185449559,-0.93103185449559
ligand,9180,22.539,71.406,88.383,0.6617206342337294,-0.6617206342337294
ligand,9200,26.842,76.356,74.284,1.2835848174908975,-1.2835848174908975
ligand,9220,13.245,68.266,76.08,1.1896979833919645,-1.1896979833919645
ligand,9240,23.263,71.871,77.08,1.087546017110569,-1.087546017110569
ligand,9260,13.583,73.937,77.194,1.0598218226239797,-1.0598218226239797
ligand,9280,9.6098,67.596,78.42,1.9793557261716832,-1.9793557261716832
ligand,9300,11.081,66.154,79.027,1.3981418797384988,-1.3981418797384988
ligand,9320,22.762,70.387,78.986,1.0249878139008317,-1.0249878139008317
ligand,9340,9.6376,76.196,79.37,0.8047035794092515,-0.8047035794092515
ligand,9360,20.82,74.552,79.973,0.8266985464867728,-0.8266985464867728
ligand,9380,17.757,73.071,80.593,0.9568973015664389,-0.9568973015664389
ligand,9400,14.85,80.389,81.225,1.347726777459565,-1.347726777459565
ligand,9420,21.65,69.053,84.388,0.7811350816626312,-0.7811350816626312
ligand,9440,18.858,71.038,86.911,1.16561792798641,-1.16561792798641
ligand,9460,5.842,68.646,71.366,2.1388033813777434,-2.1388033813777434
ligand,9480,7.342,65.8,71.939,1.5471408602289145,-1.5471408602289145
ligand,9500,7.842,69.335,71.363,1.6720656581771527,-1.6720656581771527
ligand,9520,8.6048,67.956,72.32,1.7823695426687471,-1.7823695426687471
ligand,9540,5.1777,69.196,72.878,1.3635786127520477,-1.3635786127520477
ligand,9560,8.5921,68.245,73.08,1.9646459156774163,-1.9646459156774163
ligand,9580,7.6713,70.733,73.072,1.5564462060591595,-1.5564462060591595
ligand,9600,8.8787,68.718,73.283,1.8784718994013212,-1.8784718994013212
ligand,9620,8.342,67.334,74.153,2.6596696457026523,-2.6596696457026523
ligand,9640,7.5227,71.277,73.964,1.453197842413317,-1.453197842413317
ligand,9660,29.383,71.696,73.989,1.7594364876770276,-1.7594364876770276
ligand,9680,25.842,75.759,73.944,1.2911140520408655,-1.2911140520408655
ligand,9700,10.318,68.696,74.547,1.631690872348755,-1.631690872348755
ligand,9720,10.507,71.196,74.621,1.3020583552489218,-1.3020583552489218
ligand,9740,28.122,72.696,74.468,1.6967348188826028,-1.6967348188826028
ligand,9760,28.512,75.21,74.954,1.254482689834733,-1.254482689834733
ligand,9780,26.85,77.071,74.58,1.341777852470715,-1.341777852470715
ligand,9800,9.2572,67.7,75.08,2.08038321025563,-2.08038321025563
ligand,9820,11.734,69.344,75.245,1.2992550908768339,-1.2992550908768339
ligand,9840,25.586,72.196,75.242,1.2534891158730104,-1.2534891158730104
ligand,9860,25.113,77.105,75.08,1.3793033976341555,-1.3793033976341555
ligand,9880,6.2169,67.44,75.324,3.1277582079462967,-3.1277582079462967
ligand,9900,12.715,68.008,75.589,1.0568760029986173,-1.0568760029986173
ligand,9920,29.526,69.1,75.896,2.4742681162770075,-2.4742681162770075
ligand,9940,6.3683,70.696,75.881,1.663289510154283,-1.663289510154283
ligand,9960,25.049,73.489,75.131,0.88258157667898,-0.88258157667898
ligand,9980,29.366,75.623,75.633,1.2798723633013256,-1.2798723633013256
ligand,10000,8.8363,67.49,76.08,2.346747147927638,-2.346747147927638
ligand,10020,27.922,69.252,76.095,1.9570102103669413,-1.9570102103669413
ligand,10040,7.8034,71.822,76.08,1.6626988362298378,-1.6626988362298378
ligand,10060,23.842,73.378,76.166,1.0089590397631079,-1.0089590397631079
ligand,10080,9.8488,66.879,76.58,1.527914098190793,-1.527914098190793
ligand,10100,25.842,69.973,76.786,1.2641933429460073,-1.2641933429460073
ligand,10120,11.246,72.196,76.389,1.0883470930580028,-1.0883470930580028
ligand,10140,11.39,73.148,76.585,1.0935482852948726,-1.0935482852948726
ligand,10160,22.824,74.504,76.559,0.9079247141335952,-0.9079247141335952
ligand,10180,17.408,77.696,76.49,1.0498577958564477,-1.0498577958564477
ligand,10200,13.526,65.707,77.149,1.2276455706066696,-1.2276455706066696
ligand,10220,28.107,69.696,77.095,1.6452749970624585,-1.6452749970624585
ligand,10240,7.3575,70.696,77.258,2.0626376223384386,-2.0626376223384386
ligand,10260,23.342,71.711,77.22,1.125356102989664,-1.125356102989664
ligand,10280,29.159,73.365,76.911,1.7612224512924075,-1.7612224512924075
ligand,10300,12.298,75.196,76.752,1.2543719915399065,-1.2543719915399065
ligand,10320,25.12,75.974,77.441,1.2115288027708355,-1.2115288027708355
ligand,10340,13.952,78.08,77.366,1.1301626171355652,-1.1301626171355652
ligand,10360,18.096,78.696,77.208,1.648220891390575,-1.648220891390575
ligand,10380,13.962,68.696,77.794,1.030487479969345,-1.030487479969345
ligand,10400,29.612,72.168,78.043,1.7728958949141622,-1.7728958949141622
ligand,10420,9.2618,73.638,77.58,1.157179490740587,-1.157179490740587
ligand,10440,13.403,74.196,77.211,1.121957362599408,-1.121957362599408
ligand,10460,24.636,75.05,77.876,1.2172512265332125,-1.2172512265332125
ligand,10480,25.342,75.477,77.772,1.580575444298579,-1.580575444298579
ligand,10500,14.574,76.696,77.199,1.3683205744787994,-1.3683205744787994
ligand,10520,13.38,77.838,77.57,1.0724005077483851,-1.0724005077483851
ligand,10540,27.842,78.47,77.631,1.1957205322800357,-1.1957205322800357
ligand,10560,9.9981,67.274,78.443,1.4966429359619466,-1.4966429359619466
ligand,10580,7.6049,70.595,78.181,2.3339507776190334,-2.3339507776190334
ligand,10600,22.842,71.21,78.287,0.985363253034101,-0.985363253034101
ligand,10620,15.342,73.28,77.913,0.7459591648443257,-0.7459591648443257
ligand,10640,30.479,74.696,78.104,1.141094227745336,-1.141094227745336
ligand,10660,30.932,75.616,78.08,1.1553485878235283,-1.1553485878235283
ligand,10680,26.132,77.171,78.08,1.6907326137591037,-1.6907326137591037
ligand,10700,19.156,77.849,78.053,0.6002051855554317,-0.6002051855554317
ligand,10720,11.595,65.696,78.895,1.4118182426311208,-1.4118182426311208
ligand,10740,10.342,66.805,78.618,1.4659746014800608,-1.4659746014800608
ligand,10760,14.825,68.725,78.852,1.258556668148786,-1.258556668148786
ligand,10780,24.586,70.493,78.824,0.9499925950457068,-0.9499925950457068
ligand,10800,7.6074,71.696,78.629,1.780485658271751,-1.780485658271751
ligand,10820,21.436,73.696,78.776,1.0542994275471915,-1.0542994275471915
ligand,10840,9.364,74.847,78.734,1.0385422486478089,-1.0385422486478089
ligand,10860,18.252,76.355,78.58,1.3489548090332006,-1.3489548090332006
ligand,10880,13.424,78.395,78.871,1.2607709915815677,-1.2607709915815677
ligand,10900,12.842,65.112,79.168,1.3907645938496551,-1.3907645938496551
ligand,10920,14.342,66.09,79.055,1.341389873927972,-1.341389873927972
ligand,10940,21.342,70.501,78.665,1.0655329416577124,-1.0655329416577124
ligand,10960,24.342,70.495,79.111,1.0699199935829138,-1.0699199935829138
ligand,10980,15.857,73.283,79.08,0.8955058557729879,-0.8955058557729879
ligand,11000,9.3233,74.677,78.628,1.0690146780580474,-1.0690146780580474
ligand,11020,22.804,74.696,79.449,1.3809551688747532,-1.3809551688747532
ligand,11040,12.581,77.726,79.319,1.107898825982291,-1.107898825982291
ligand,11060,14.842,80.431,79.479,1.3603562981954527,-1.3603562981954527
ligand,11080,13.348,65.195,79.158,1.3394595249758225,-1.3394595249758225
ligand,11100,15.351,68.196,79.213,1.168322286372756,-1.168322286372756
ligand,11120,16.324,70.839,79.514,0.8616707595945661,-0.8616707595945661
ligand,11140,20.342,73.186,79.406,1.0709831735367565,-1.0709831735367565
ligand,11160,21.449,74.212,79.427,0.9603868185461037,-0.9603868185461037
ligand,11180,9.5736,76.197,79.584,0.8211437284424967,-0.8211437284424967
ligand,11200,11.268,66.146,80.08,1.4958939620677396,-1.4958939620677396
ligand,11220,23.905,70.133,79.699,1.2071498875780293,-1.2071498875780293
ligand,11240,15.97,73.292,79.581,0.8428475304103265,-0.8428475304103265
ligand,11260,19.785,74.37,80.091,0.9642972580133069,-0.9642972580133069
ligand,11280,18.985,75.053,79.92,0.9448887150273421,-0.9448887150273421
ligand,11300,10.842,76.753,80.121,1.0772887096100896,-1.0772887096100896
ligand,11320,12.842,77.858,80.186,1.3390958377648885,-1.3390958377648885
ligand,11340,11.167,66.239,80.58,1.3553087554494354,-1.3553087554494354
ligand,11360,22.641,68.696,80.347,0.9164225065728845,-0.9164225065728845
ligand,11380,19.482,71.471,80.087,1.2348557984022666,-1.2348557984022666
ligand,11400,16.343,74.196,80.244,1.1267604311696957,-1.1267604311696957
ligand,11420,17.536,74.228,80.669,1.1752937463941773,-1.1752937463941773
ligand,11440,13.842,79.468,80.67,1.3737873892689283,-1.3737873892689283
ligand,11460,10.925,67.196,81.236,1.4132829660829878,-1.4132829660829878
ligand,11480,21.842,68.561,81.334,0.8263343046176688,-0.8263343046176688
ligand,11500,18.491,70.881,81.061,1.44085469463146,-1.44085469463146
ligand,11520,17.82,72.174,80.701,1.0650209515549254,-1.0650209515549254
ligand,11540,26.223,76.804,81.188,0.5949537540723095,-0.5949537540723095
ligand,11560,10.515,67.613,81.58,1.166001104915458,-1.166001104915458
ligand,11580,21.342,68.795,81.73,0.9141366920161659,-0.9141366920161659
ligand,11600,26.546,77.696,81.497,0.7310512827323566,-0.7310512827323566
ligand,11620,24.495,68.118,82.288,1.026258224288513,-1.026258224288513
ligand,11640,20.94,69.201,82.332,1.1116720513136253,-1.1116720513136253
ligand,11660,15.054,65.289,82.58,0.9838434455923122,-0.9838434455923122
ligand,11680,22.258,68.638,82.881,0.778855033889249,-0.778855033889249
ligand,11700,26.342,69.727,82.88,1.058155275616321,-1.058155275616321
ligand,11720,22.241,68.696,83.334,0.7794732050607505,-0.7794732050607505
ligand,11740,12.83,65.696,83.699,0.9025113036319777,-0.9025113036319777
ligand,11760,22.094,68.751,83.58,0.7828810301748766,-0.7828810301748766
ligand,11780,12.556,66.3,84.291,0.9957418428644427,-0.9957418428644427
ligand,11800,12.746,66.528,84.58,0.9451055197802068,-0.9451055197802068
ligand,11820,24.429,68.714,84.725,0.8901299642141587,-0.8901299642141587
ligand,11840,25.016,69.196,84.821,0.9022837641628996,-0.9022837641628996
ligand,11860,13.842,67.43,85.299,0.6595652076888247,-0.6595652076888247
ligand,11880,21.306,69.204,85.044,0.7179365432741109,-0.7179365432741109
ligand,11900,20.971,69.229,85.58,0.8204843166533217,-0.8204843166533217
ligand,11920,17.27,68.484,86.368,0.9630222689449617,-0.9630222689449617
ligand,11940,18.16,69.753,86.262,1.0147806949687679,-1.0147806949687679
ligand,11960,22.756,69.22,86.889,0.5651845247589088,-0.5651845247589088
ligand,11980,19.22,71.207,86.945,1.0925010093204448,-1.0925010093204448
ligand,12000,17.605,69.855,87.08,1.004308273476781,-1.004308273476781
ligand,12020,18.659,71.227,87.194,1.1140851814370365,-1.1140851814370365
ligand,12040,14.342,70.108,87.647,0.7212252430427654,-0.7212252430427654
ligand,12060,17.279,69.684,88.202,0.8811950569730385,-0.8811950569730385
ligand,12080,20.842,71.186,88.127,0.6293092776545848,-0.6293092776545848
ligand,12100,6.0033,68.896,71.362,2.0162051296466923,-2.0162051296466923
ligand,12120,27.875,71.291,73.876,1.8031644302382552,-1.8031644302382552
ligand,12140,28.842,73.78,75.898,1.5362365572965508,-1.5362365572965508
ligand,12160,22.25,71.765,77.915,0.9886537473540925,-0.9886537473540925
ligand,12180,22.615,71.288,78.229,0.9747309687988583,-0.9747309687988583
ligand,12200,25.016,70.402,79.001,0.977993457731076,-0.977993457731076
ligand,12220,16.254,70.808,79.331,0.8769610267262729,-0.8769610267262729
ligand,12240,11.659,76.96,80.401,0.9729891156654056,-0.9729891156654056
ligand,12260,17.741,70.319,81.243,1.2473314051698474,-1.2473314051698474
ligand,12280,26.326,69.716,82.88,1.0600203502630676,-1.0600203502630676
ligand,12300,24.593,70.34,87.426,0.5425374529168503,-0.5425374529168503
ligand,12320,21.425,71.133,88.611,0.7167909214530682,-0.7167909214530682
ligand,12340,7.0632,71.331,75.302,1.6479721039570627,-1.6479721039570627
ligand,12360,10.558,72.639,76.501,1.0197256745116872,-1.0197256745116872
ligand,12380,13.574,73.941,77.194,1.0635452766643507,-1.0635452766643507
ligand,12400,14.208,69.151,78.19,1.050146665582538,-1.050146665582538
ligand,12420,13.137,78.135,78.764,1.1306369010762585,-1.1306369010762585
ligand,12440,16.284,71.696,79.607,0.8664305907791068,-0.8664305907791068
ligand,12460,25.784,70.004,80.82,0.9299552142630727,-0.9299552142630727
ligand,12480,18.779,70.38,82.041,1.532704847002508,-1.532704847002508
ligand,12500,12.866,66.666,84.764,0.8520444826103862,-0.8520444826103862
ligand,12520,17.24,69.507,87.891,0.8255578029455471,-0.8255578029455471
receptor,0,21.651,64.636,75.051,1.489976532753721,-1.489976532753721
receptor,20,20.981,66.397,74.946,1.480365083452395,-1.480365083452395
receptor,40,21.596,64.827,75.118,1.3063065220099004,-1.3063065220099004
receptor,60,21.238,66.426,74.715,1.448673432636853,-1.448673432636853
receptor,80,21.237,66.03,74.661,1.4817252849738016,-1.4817252849738016
receptor,100,21.048,65.98,74.7,1.4640961936585872,-1.4640961936585872
receptor,120,20.868,66.306,74.809,1.477934629584237,-1.477934629584237
receptor,140,19.892,67.44,75.038,1.6682204284575866,-1.6682204284575866
receptor,160,21.906,66.542,74.231,1.4146114009319672,-1.4146114009319672
receptor,180,20.928,67.207,73.265,0.7372557001860724,-0.7372557001860724
receptor,200,20.2,66.19,75.293,1.2344820062638764,-1.2344820062638764
receptor,220,20.622,67.831,72.794,1.1680747009047565,-1.1680747009047565
receptor,240,15.072,70.979,71.404,0.7752125689468516,-0.7752125689468516
receptor,260,14.657,71.03,71.349,0.7221718657578566,-0.7221718657578566
receptor,280,14.264,70.969,71.358,0.6867555094375052,-0.6867555094375052
receptor,300,15.017,70.613,71.29,0.6258553296243932,-0.6258553296243932
receptor,320,14.502,70.781,71.663,0.6617206342337294,-0.6617206342337294
receptor,340,13.325,72.382,71.749,0.4609213245345241,-0.4609213245345241
receptor,360,13.637,72.013,71.646,0.5425374529168503,-0.5425374529168503
receptor,380,13.738,71.609,71.486,0.6064732718271011,-0.6064732718271011
receptor,400,13.675,71.339,71.491,0.636388543666023,-0.636388543666023
receptor,420,13.603,71.279,71.668,0.6283051766040755,-0.6283051766040755
receptor,440,13.981,71.046,71.805,0.6333305742292196,-0.6333305742292196
receptor,460,13.031,72.755,71.628,0.6811819346262623,-0.6811819346262623
receptor,480,10.561,73.066,69.008,1.1429588396829422,-1.1429588396829422
receptor,500,9.1505,72.053,68.332,1.1510017315369383,-1.1510017315369383
receptor,520,9.5346,72.352,68.418,1.1361737348801932,-1.1361737348801932
receptor,540,9.9982,72.574,68.61,1.0972652702241867,-1.0972652702241867
receptor,560,10.424,72.794,68.945,1.1339370332114493,-1.1339370332114493
receptor,580,9.0197,71.506,67.934,1.1243257364140313,-1.1243257364140313
receptor,600,9.1164,71.705,68.311,1.1705119089714626,-1.1705119089714626
receptor,620,9.2924,72.101,68.531,1.2315688367084017,-1.2315688367084017
receptor,640,8.3576,72.502,68.114,1.1674884393284681,-1.1674884393284681
receptor,660,9.4386,71.986,66.493,1.110463758217806,-1.110463758217806
receptor,680,9.0315,71.506,66.439,1.0008561743454263,-1.0008561743454263
receptor,700,7.9745,72.31,67.985,1.0694117752266588,-1.0694117752266588
receptor,720,9.84,73.544,66.093,0.926222910137655,-0.926222910137655
receptor,740,9.5513,73.039,65.898,1.1305447807303672,-1.1305447807303672
receptor,760,17.323,78.13,71.152,1.3269091904048211,-1.3269091904048211
receptor,780,17.381,78.51,72.403,1.3361798415055435,-1.3361798415055435
receptor,800,17.405,78.214,72.104,1.3361798415055435,-1.3361798415055435
receptor,820,17.539,78.122,71.869,1.3143290940317671,-1.3143290940317671
receptor,840,17.619,78.275,71.767,1.2919201479234448,-1.2919201479234448
receptor,860,17.447,78.336,71.533,1.331878820254006,-1.331878820254006
receptor,880,17.132,78.15,71.208,1.247023275295527,-1.247023275295527
receptor,900,16.831,77.634,73.83,1.0872152106493247,-1.0872152106493247
receptor,920,17.124,77.867,73.601,1.1158578220442832,-1.1158578220442832
receptor,940,17.442,78.075,73.479,1.1687248541810256,-1.1687248541810256
receptor,960,17.681,78.356,73.406,1.2326777036239862,-1.2326777036239862
receptor,980,17.747,78.681,73.199,1.272025451173505,-1.272025451173505
receptor,1000,16.79,77.515,74.152,1.119421745868394,-1.119421745868394
receptor,1020,16.914,77.868,73.862,1.0903585591167186,-1.0903585591167186
receptor,1040,16.437,76.15,74.158,1.4447611861925183,-1.4447611861925183
receptor,1060,16.704,76.531,74.183,1.3705973597881604,-1.3705973597881604
receptor,1080,16.876,76.97,74.237,1.138951722177547,-1.138951722177547
receptor,1100,16.969,77.44,74.2,1.0374226751192197,-1.0374226751192197
receptor,1120,16.161,75.633,74.6,1.538229274108494,-1.538229274108494
receptor,1140,16.163,76.025,74.34,1.607238476681735,-1.607238476681735
receptor,1160,16.519,74.558,74.434,1.4429910057757636,-1.4429910057757636
receptor,1180,16.546,74.941,74.43,1.4833638689806188,-1.4833638689806188
receptor,1200,16.509,75.279,74.574,1.5644941095733254,-1.5644941095733254
receptor,1220,17.204,74.087,74.849,1.2301402103626886,-1.2301402103626886
receptor,1240,16.827,74.208,74.884,1.3998857863952603,-1.3998857863952603
receptor,1260,16.495,74.371,74.711,1.3167511796106368,-1.3167511796106368
receptor,1280,16.355,74.675,74.466,1.44379160124033,-1.44379160124033
receptor,1300,17.38,73.717,74.58,1.0570958597569131,-1.0570958597569131
receptor,1320,17.238,74.085,74.652,1.2694301249908293,-1.2694301249908293
receptor,1340,18.26,73.01,75.022,1.2802174348434374,-1.2802174348434374
receptor,1360,17.961,73.23,75.1,1.1297613077531168,-1.1297613077531168
receptor,1380,17.607,73.321,75.022,1.1219432756069765,-1.1219432756069765
receptor,1400,17.335,73.462,74.788,1.046117936834044,-1.046117936834044
receptor,1420,18.212,72.732,74.856,1.118981614998453,-1.118981614998453
receptor,1440,18.399,70.994,74.745,1.1327885413530303,-1.1327885413530303
receptor,1460,18.596,72.197,76.348,1.1650474624933473,-1.1650474624933473
receptor,1480,18.275,72.513,76.251,1.0054033703669003,-1.0054033703669003
receptor,1500,17.891,71.964,74.353,1.1057995763081703,-1.1057995763081703
receptor,1520,18.56,73.256,75.852,1.036436318431499,-1.036436318431499
receptor,1540,18.296,69.769,75.584,1.3983709160092586,-1.3983709160092586
receptor,1560,18.049,71.259,76.94,1.0067441398301133,-1.0067441398301133
receptor,1580,17.823,71.592,76.68,1.0242683677604374,-1.0242683677604374
receptor,1600,18.017,70.887,74.807,1.1150645657704397,-1.1150645657704397
receptor,1620,18.123,67.85,77.371,1.3911053870165135,-1.3911053870165135
receptor,1640,17.364,69.351,78.479,1.0928961845120564,-1.0928961845120564
receptor,1660,17.096,69.628,78.095,0.8664305907791068,-0.8664305907791068
receptor,1680,17.677,68.608,76.43,1.1017596889726584,-1.1017596889726584
receptor,1700,17.145,68.823,78.847,1.171130720705275,-1.171130720705275
receptor,1720,18.197,67.148,78.088,1.50603250811498,-1.50603250811498
receptor,1740,16.693,68.119,79.393,1.1739100760688457,-1.1739100760688457
receptor,1760,16.295,68.619,79.245,1.1546499819912304,-1.1546499819912304
receptor,1780,18.32,67.106,76.649,1.3108152986498474,-1.3108152986498474
receptor,1800,17.442,66.603,78.352,1.471054774265563,-1.471054774265563
receptor,1820,17.003,65.141,77.445,1.4273858748836104,-1.4273858748836104
receptor,1840,16.996,65.405,77.81,1.4962154329888808,-1.4962154329888808
receptor,1860,16.951,65.765,78.076,1.4758554460797,-1.4758554460797
receptor,1880,16.976,66.18,78.202,1.616534653920072,-1.616534653920072
receptor,1900,17.145,66.538,78.245,1.4690805288891058,-1.4690805288891058
receptor,1920,17.385,66.778,78.338,1.433852083622051,-1.433852083622051
receptor,1940,17.189,66.805,78.366,1.4591429784997882,-1.4591429784997882
receptor,1960,16.442,64.371,76.82,1.2879902442427507,-1.2879902442427507
receptor,1980,16.458,64.677,77.037,1.354016183732658,-1.354016183732658
receptor,2000,16.534,65.04,77.183,1.4006815222471158,-1.4006815222471158
receptor,2020,16.713,65.392,77.333,1.4759333881004646,-1.4759333881004646
receptor,2040,16.06,64.246,76.353,1.0565783496716061,-1.0565783496716061
receptor,2060,16.426,64.339,76.497,1.0801423826076684,-1.0801423826076684
receptor,2080,15.442,63.615,76.983,1.0407072109709647,-1.0407072109709647
receptor,2100,15.676,63.912,76.873,1.321421571019381,-1.321421571019381
receptor,2120,15.778,64.179,76.693,1.0357008388984354,-1.0357008388984354
receptor,2140,14.501,63.586,77.592,1.3394073994006641,-1.3394073994006641
receptor,2160,14.747,63.569,77.185,1.5336332696633082,-1.5336332696633082
receptor,2180,15.119,63.538,76.904,1.072660247780499,-1.072660247780499
receptor,2200,15.534,63.63,76.787,1.0454517100134606,-1.0454517100134606
receptor,2220,14.493,63.342,78.088,1.2119517598105045,-1.2119517598105045
receptor,2240,14.648,63.606,77.725,1.2699371172960165,-1.2699371172960165
receptor,2260,13.429,62.741,78.878,1.1072766278520088,-1.1072766278520088
receptor,2280,13.612,62.87,78.529,1.1358505141235338,-1.1358505141235338
receptor,2300,13.937,62.909,78.272,1.3731251981773724,-1.3731251981773724
receptor,2320,14.317,63.042,78.096,1.2735930004360458,-1.2735930004360458
receptor,2340,13.571,62.309,79.085,1.0717743874872168,-1.0717743874872168
receptor,2360,13.278,60.599,78.704,1.194186461536628,-1.194186461536628
receptor,2380,13.083,61.037,78.789,1.1111121996399926,-1.1111121996399926
receptor,2400,13.073,61.505,78.764,1.1345695414897352,-1.1345695414897352
receptor,2420,13.263,61.879,78.739,1.070188571649975,-1.070188571649975
receptor,2440,13.515,62.133,78.821,1.1691944598483917,-1.1691944598483917
receptor,2460,13.682,62.412,78.958,1.3270928833889426,-1.3270928833889426
receptor,2480,13.122,60.629,78.583,1.2000608857980832,-1.2000608857980832
receptor,2500,13.535,60.262,78.473,1.2170221368778886,-1.2170221368778886
receptor,2520,14.133,68.866,67.155,1.2705730443080478,-1.2705730443080478
receptor,2540,13.95,68.326,67.373,1.3382544681021422,-1.3382544681021422
receptor,2560,14.182,67.228,68.289,0.7209969545917847,-0.7209969545917847
receptor,2580,14.433,67.671,68.322,1.3483497943167837,-1.3483497943167837
receptor,2600,12.798,67.431,69.796,0.761036739575505,-0.761036739575505
receptor,2620,14.338,66.297,68.87,0.7211177253251786,-0.7211177253251786
receptor,2640,14.547,66.703,68.966,0.692588721015506,-0.692588721015506
receptor,2660,13.075,67.582,70.042,0.9171997924184789,-0.9171997924184789
receptor,2680,14.524,65.64,69.315,0.7263137132304401,-0.7263137132304401
receptor,2700,26.245,64.949,71.397,0.8757420894513122,-0.8757420894513122
receptor,2720,25.846,65.191,71.591,0.8914070291124917,-0.8914070291124917
receptor,2740,25.184,66.358,72.53,1.0355079173819433,-1.0355079173819433
receptor,2760,25.592,66.121,72.421,0.9379641876425311,-0.9379641876425311
receptor,2780,25.877,65.954,72.073,0.8831673228657196,-0.8831673228657196
receptor,2800,25.903,65.718,71.672,0.8831765421990289,-0.8831765421990289
receptor,2820,25.839,65.33,71.447,0.9143821459650388,-0.9143821459650388
receptor,2840,25.036,66.598,72.316,1.1446608000722573,-1.1446608000722573
receptor,2860,23.962,67.994,72.424,1.4200158936374225,-1.4200158936374225
receptor,2880,24.309,67.711,72.683,1.341591768659472,-1.341591768659472
receptor,2900,24.749,67.435,72.703,1.3315316275715972,-1.3315316275715972
receptor,2920,25.072,67.109,72.505,1.2007429686958002,-1.2007429686958002
receptor,2940,23.937,68.684,72.072,1.2906778435495847,-1.2906778435495847
receptor,2960,24.026,68.221,72.147,1.3576729368155147,-1.3576729368155147
receptor,2980,24.116,67.799,72.382,1.3593938668561818,-1.3593938668561818
receptor,3000,23.213,69.181,71.794,1.3298483010661886,-1.3298483010661886
receptor,3020,23.509,69.035,72.134,1.3437550562745624,-1.3437550562745624
receptor,3040,23.899,68.76,72.253,1.3881246951846402,-1.3881246951846402
receptor,3060,23.357,69.762,71.031,1.1946420157782254,-1.1946420157782254
receptor,3080,23.398,69.462,71.232,1.035641012177471,-1.035641012177471
receptor,3100,23.316,69.183,71.47,1.2751138713942851,-1.2751138713942851
receptor,3120,23.135,69.567,70.318,0.8624030536259351,-0.8624030536259351
receptor,3140,23.037,69.8,70.657,1.1974471456600804,-1.1974471456600804
receptor,3160,23.699,69.257,69.012,0.5805742436457257,-0.5805742436457257
receptor,3180,23.739,69.535,69.422,0.8264907915495,-0.8264907915495
receptor,3200,23.689,69.557,69.9,0.8485117662384883,-0.8485117662384883
receptor,3220,23.455,69.483,70.259,0.954411361828353,-0.954411361828353
receptor,3240,23.157,69.524,70.511,0.889641398747837,-0.889641398747837
receptor,3260,24.012,69.246,69.16,0.7608921369191647,-0.7608921369191647
receptor,3280,12.703,73.529,66.739,0.7097147126323035,-0.7097147126323035
receptor,3300,12.287,74.029,66.934,1.928955103052512,-1.928955103052512
receptor,3320,24.287,71.029,67.425,0.548566224831192,-0.548566224831192
receptor,3340,8.6044,67.529,68.239,0.5088153163419052,-0.5088153163419052
receptor,3360,6.8836,71.529,68.239,0.9900713092362561,-0.9900713092362561
receptor,3380,9.287,66.822,68.739,0.5741834628517255,-0.5741834628517255
receptor,3400,7.287,70.529,68.61,0.8981544216450865,-0.8981544216450865
receptor,3420,10.764,65.029,69.239,0.5568945342154963,-0.5568945342154963
receptor,3440,26.179,68.529,69.239,0.5674822675838367,-0.5674822675838367
receptor,3460,6.5743,71.029,69.239,1.0739831227533947,-1.0739831227533947
receptor,3480,10.084,66.529,69.739,0.9294404377733397,-0.9294404377733397
receptor,3500,26.287,69.078,69.739,0.6399338751489615,-0.6399338751489615
receptor,3520,24.787,71.529,69.531,0.8511669856505942,-0.8511669856505942
receptor,3540,9.5026,67.529,70.239,1.240763057204683,-1.240763057204683
receptor,3560,26.787,69.029,70.097,0.7056170445812119,-0.7056170445812119
receptor,3580,6.236,71.529,70.239,0.9736386747065929,-0.9736386747065929
receptor,3600,23.787,73.529,70.476,1.1061048625471595,-1.1061048625471595
receptor,3620,9.0409,68.029,70.739,1.19204876131887,-1.19204876131887
receptor,3640,26.125,70.029,70.739,0.9646902415341028,-0.9646902415341028
receptor,3660,24.664,72.529,70.739,1.1595871596428198,-1.1595871596428198
receptor,3680,16.11,79.529,70.739,0.8977096815676164,-0.8977096815676164
receptor,3700,9.2864,67.529,71.239,1.0906729946167966,-1.0906729946167966
receptor,3720,7.287,69.609,71.239,1.1000965918564494,-1.1000965918564494
receptor,3740,24.945,72.529,71.239,1.2564536615728827,-1.2564536615728827
receptor,3760,15.787,79.411,71.239,0.9857873538720743,-0.9857873538720743
receptor,3780,9.9359,66.029,71.739,0.9878858526473152,-0.9878858526473152
receptor,3800,26.991,68.529,71.739,1.0009521052739385,-1.0009521052739385
receptor,3820,25.84,70.529,71.739,0.9740227022894414,-0.9740227022894414
receptor,3840,9.787,72.529,71.972,0.7315195371212795,-0.7315195371212795
receptor,3860,19.028,79.029,71.739,1.2723010449793901,-1.2723010449793901
receptor,3880,25.287,63.848,72.239,0.8516545329412885,-0.8516545329412885
receptor,3900,10.287,65.616,72.239,0.9695587689730286,-0.9695587689730286
receptor,3920,26.501,69.029,72.239,1.1540337398280236,-1.1540337398280236
receptor,3940,9.787,71.029,72.469,0.9200627504361378,-0.9200627504361378
receptor,3960,9.787,72.029,72.272,0.7963476791620995,-0.7963476791620995
receptor,3980,25.94,73.029,72.239,1.2768592822972527,-1.2768592822972527
receptor,4000,14.932,79.029,72.239,1.212270421818461,-1.212270421818461
receptor,4020,16.787,80.529,71.789,0.8936448722356946,-0.8936448722356946
receptor,4040,10.787,65.463,72.739,1.098492787353511,-1.098492787353511
receptor,4060,8.9728,68.029,72.739,1.0469052892776542,-1.0469052892776542
receptor,4080,7.787,70.507,72.739,1.0356351563851829,-1.0356351563851829
receptor,4100,10.559,71.029,72.739,0.973205600942669,-0.973205600942669
receptor,4120,8.287,72.029,72.845,0.6594483443448133,-0.6594483443448133
receptor,4140,11.374,74.029,72.739,0.8625279465676582,-0.8625279465676582
receptor,4160,13.809,78.529,72.739,1.4030975136576522,-1.4030975136576522
receptor,4180,15.787,80.529,72.341,0.9498845526104134,-0.9498845526104134
receptor,4200,24.287,63.848,73.239,0.8520517899969846,-0.8520517899969846
receptor,4220,10.287,65.652,73.239,1.099016109989252,-1.099016109989252
receptor,4240,26.939,68.529,73.239,1.311114094148877,-1.311114094148877
receptor,4260,11.287,70.529,73.47,1.0665985797596624,-1.0665985797596624
receptor,4280,26.787,72.73,73.239,1.1080591439914576,-1.1080591439914576
receptor,4300,23.787,74.578,73.239,1.0439423008177728,-1.0439423008177728
receptor,4320,14.16,79.029,73.239,1.4727089676769554,-1.4727089676769554
receptor,4340,18.587,81.029,73.239,0.9520098703428469,-0.9520098703428469
receptor,4360,26.287,64.605,73.739,0.9078117479231429,-0.9078117479231429
receptor,4380,9.287,66.99,73.739,0.8848574747202157,-0.8848574747202157
receptor,4400,10.616,69.029,73.739,1.0119412311660825,-1.0119412311660825
receptor,4420,12.287,70.529,74.002,1.0719628869517814,-1.0719628869517814
receptor,4440,11.787,72.529,73.931,1.0329561028693635,-1.0329561028693635
receptor,4460,11.287,74.529,73.689,1.0150859711106275,-1.0150859711106275
receptor,4480,10.787,77.314,73.739,1.0165632931071886,-1.0165632931071886
receptor,4500,14.287,79.529,73.904,1.2699275859293326,-1.2699275859293326
receptor,4520,16.787,81.761,73.739,0.8594047250789202,-0.8594047250789202
receptor,4540,11.787,65.529,74.393,0.9747309687988583,-0.9747309687988583
receptor,4560,10.287,67.529,74.467,1.1741880862626624,-1.1741880862626624
receptor,4580,26.197,69.029,74.239,1.431797189734306,-1.431797189734306
receptor,4600,25.431,71.029,74.239,1.411218888545304,-1.411218888545304
receptor,4620,12.287,73.029,74.388,0.8598238400426101,-0.8598238400426101
receptor,4640,11.287,74.432,74.239,0.8937573320774738,-0.8937573320774738
receptor,4660,19.634,76.529,74.239,0.941638534047446,-0.941638534047446
receptor,4680,14.287,79.332,74.239,1.2624804534102156,-1.2624804534102156
receptor,4700,16.287,81.463,74.239,0.9340046446963761,-0.9340046446963761
receptor,4720,25.787,64.218,74.739,0.9508034754450615,-0.9508034754450615
receptor,4740,12.787,66.029,74.888,0.8263343046176688,-0.8263343046176688
receptor,4760,10.712,67.529,74.739,1.189857625661893,-1.189857625661893
receptor,4780,25.787,68.928,74.739,1.4217124536433825,-1.4217124536433825
receptor,4800,13.287,70.714,74.739,0.7984623821739024,-0.7984623821739024
receptor,4820,12.787,72.461,74.739,0.9037397823915165,-0.9037397823915165
receptor,4840,22.787,74.029,75.154,0.9096905970347015,-0.9096905970347015
receptor,4860,23.287,74.529,74.78,1.0385413654933386,-1.0385413654933386
receptor,4880,10.787,77.029,74.996,1.1112028941444687,-1.1112028941444687
receptor,4900,19.008,78.529,74.739,0.9660792921556404,-0.9660792921556404
receptor,4920,15.287,80.529,75.028,1.1701734770714693,-1.1701734770714693
receptor,4940,24.175,63.529,75.239,0.853176802127229,-0.853176802127229
receptor,4960,12.787,67.029,75.272,0.778855033889249,-0.778855033889249
receptor,4980,12.523,68.529,75.239,0.9006755652712845,-0.9006755652712845
receptor,5000,13.726,71.029,75.239,0.9605411758104648,-0.9605411758104648
receptor,5020,24.787,72.591,75.239,1.1109648033674584,-1.1109648033674584
receptor,5040,12.287,73.972,75.239,0.8097887997032079,-0.8097887997032079
receptor,5060,10.619,75.529,75.239,0.6002051855554317,-0.6002051855554317
receptor,5080,11.787,77.717,75.239,1.081623565961124,-1.081623565961124
receptor,5100,19.167,78.029,75.239,0.8701642048972581,-0.8701642048972581
receptor,5120,16.787,79.529,75.429,1.4334673265628006,-1.4334673265628006
receptor,5140,17.903,61.029,75.739,0.6173914545771426,-0.6173914545771426
receptor,5160,26.114,64.529,75.739,1.0003023126132389,-1.0003023126132389
receptor,5180,27.287,67.221,75.739,1.2494717937584296,-1.2494717937584296
receptor,5200,24.934,69.529,75.739,1.3772906459759588,-1.3772906459759588
receptor,5220,13.787,72.029,76.102,0.9624287723489422,-0.9624287723489422
receptor,5240,21.287,74.518,75.739,0.9374417952507532,-0.9374417952507532
receptor,5260,18.787,75.029,76.176,1.071683078809459,-1.071683078809459
receptor,5280,18.759,76.529,75.739,1.0877385272321192,-1.0877385272321192
receptor,5300,12.787,77.529,75.863,1.1215029201237807,-1.1215029201237807
receptor,5320,18.787,78.368,75.739,0.9013545513940631,-0.9013545513940631
receptor,5340,17.839,62.029,76.239,1.459399907635674,-1.459399907635674
receptor,5360,13.287,64.029,76.146,1.2451657130800597,-1.2451657130800597
receptor,5380,14.715,66.029,76.239,0.9627164911872461,-0.9627164911872461
receptor,5400,13.576,69.029,76.239,0.789158738238045,-0.789158738238045
receptor,5420,14.095,71.529,76.239,0.7459591648443257,-0.7459591648443257
receptor,5440,12.824,73.529,76.239,0.8756546346439885,-0.8756546346439885
receptor,5460,19.287,74.712,76.239,0.9290394048487847,-0.9290394048487847
receptor,5480,18.287,75.328,76.239,1.0740778803071187,-1.0740778803071187
receptor,5500,11.787,76.029,76.381,1.172637861500468,-1.172637861500468
receptor,5520,12.287,76.529,76.391,1.0226443281247233,-1.0226443281247233
receptor,5540,14.846,77.029,76.239,1.227466961856212,-1.227466961856212
receptor,5560,18.529,78.029,76.239,0.9690008584015609,-0.9690008584015609
receptor,5580,10.287,62.529,76.374,1.1915254301772127,-1.1915254301772127
receptor,5600,8.287,63.529,76.592,1.3813880977727278,-1.3813880977727278
receptor,5620,8.787,64.155,76.739,1.2488155221047768,-1.2488155221047768
receptor,5640,24.787,65.529,77.143,1.120536745618374,-1.120536745618374
receptor,5660,27.287,66.529,76.807,1.1732831257274674,-1.1732831257274674
receptor,5680,13.8,69.529,76.739,1.120342841336968,-1.120342841336968
receptor,5700,14.643,71.529,76.739,1.1116684813269797,-1.1116684813269797
receptor,5720,22.169,72.529,76.739,1.067762278162174,-1.067762278162174
receptor,5740,16.787,74.022,76.739,1.101262370930165,-1.101262370930165
receptor,5760,18.787,74.238,76.739,0.8932140786865461,-0.8932140786865461
receptor,5780,17.787,74.529,76.751,1.083660144055958,-1.083660144055958
receptor,5800,8.2657,62.029,77.239,1.0991136979610028,-1.0991136979610028
receptor,5820,11.787,63.529,76.799,1.027295359598438,-1.027295359598438
receptor,5840,8.787,64.529,77.165,1.2769431310723165,-1.2769431310723165
receptor,5860,24.787,66.529,77.472,1.231814868324949,-1.231814868324949
receptor,5880,25.787,68.144,77.239,1.2205852086411668,-1.2205852086411668
receptor,5900,20.287,70.029,77.409,1.2814155762029327,-1.2814155762029327
receptor,5920,24.406,70.529,77.239,1.0625785487390893,-1.0625785487390893
receptor,5940,20.787,71.529,77.553,1.1304265355100143,-1.1304265355100143
receptor,5960,16.287,73.052,77.239,0.9189621737810705,-0.9189621737810705
receptor,5980,18.287,73.936,77.239,1.056721323763443,-1.056721323763443
receptor,6000,16.893,61.529,77.739,1.3174393866811087,-1.3174393866811087
receptor,6020,10.787,64.029,77.387,1.120461419348313,-1.120461419348313
receptor,6040,14.198,65.529,77.739,1.087855928184159,-1.087855928184159
receptor,6060,14.287,68.029,78.007,1.1161406105370704,-1.1161406105370704
receptor,6080,20.473,69.529,77.739,1.2501049995265494,-1.2501049995265494
receptor,6100,15.431,70.529,77.739,0.9639000523475597,-0.9639000523475597
receptor,6120,18.787,71.029,78.061,0.9553504901214783,-0.9553504901214783
receptor,6140,17.287,73.331,77.739,1.0082386675157724,-1.0082386675157724
receptor,6160,8.287,61.277,78.239,1.2114251076874802,-1.2114251076874802
receptor,6180,10.287,64.368,78.239,0.9426197365296043,-0.9426197365296043
receptor,6200,13.811,65.029,78.239,1.264485163180149,-1.264485163180149
receptor,6220,14.787,68.029,78.338,1.2498596643296347,-1.2498596643296347
receptor,6240,20.287,69.029,78.449,1.1490514930412021,-1.1490514930412021
receptor,6260,15.955,70.029,78.239,0.8914859294255625,-0.8914859294255625
receptor,6280,17.287,70.529,78.474,0.856501456482217,-0.856501456482217
receptor,6300,17.051,72.529,78.239,0.9499024620640814,-0.9499024620640814
receptor,6320,9.787,60.083,78.739,1.2386957973271246,-1.2386957973271246
receptor,6340,7.787,62.217,78.739,1.0796956200240622,-1.0796956200240622
receptor,6360,9.287,64.503,78.739,1.3681597212125536,-1.3681597212125536
receptor,6380,23.287,66.029,78.838,1.328189449434894,-1.328189449434894
receptor,6400,15.787,68.029,78.778,1.211017828039629,-1.211017828039629
receptor,6420,21.287,69.037,78.739,1.1912802103772302,-1.1912802103772302
receptor,6440,23.287,69.529,79.112,0.8534572305743381,-0.8534572305743381
receptor,6460,17.787,72.029,78.754,0.8146466379547563,-0.8146466379547563
receptor,6480,9.787,60.529,79.339,1.2176913406694239,-1.2176913406694239
receptor,6500,16.287,62.029,79.73,1.0378243574259336,-1.0378243574259336
receptor,6520,9.287,64.353,79.239,1.4114194617487406,-1.4114194617487406
receptor,6540,14.287,65.029,79.368,1.3727675119192337,-1.3727675119192337
receptor,6560,15.787,67.529,79.273,1.1506863574065604,-1.1506863574065604
receptor,6580,22.287,68.854,79.239,1.0117317325211639,-1.0117317325211639
receptor,6600,23.287,69.159,79.239,0.9129264376953936,-0.9129264376953936
receptor,6620,13.287,58.602,79.739,0.6587020812293221,-0.6587020812293221
receptor,6640,10.287,61.029,79.947,1.3126684347767934,-1.3126684347767934
receptor,6660,15.787,62.529,79.886,1.375489152355202,-1.375489152355202
receptor,6680,18.787,63.029,79.739,1.4324723095941772,-1.4324723095941772
receptor,6700,10.787,64.029,79.954,1.0017026169896257,-1.0017026169896257
receptor,6720,15.098,64.529,79.739,1.355948496986459,-1.355948496986459
receptor,6740,15.287,66.529,79.793,1.3352089915617786,-1.3352089915617786
receptor,6760,21.287,68.455,79.739,0.9709965115947262,-0.9709965115947262
receptor,6780,14.626,58.529,80.239,0.7451884878232622,-0.7451884878232622
receptor,6800,14.787,60.029,80.662,1.0278521313617133,-1.0278521313617133
receptor,6820,10.287,61.237,80.239,1.3199398172792387,-1.3199398172792387
receptor,6840,14.287,62.529,80.605,1.352616076706904,-1.352616076706904
receptor,6860,9.287,63.552,80.239,1.230258653909103,-1.230258653909103
receptor,6880,17.287,63.091,80.239,1.1989149468279916,-1.1989149468279916
receptor,6900,16.018,65.529,80.239,1.4818706369841264,-1.4818706369841264
receptor,6920,21.306,68.029,80.239,1.0474878996093624,-1.0474878996093624
receptor,6940,13.787,59.529,81.057,0.8912568190934101,-0.8912568190934101
receptor,6960,8.5128,61.529,80.739,1.2015871974622694,-1.2015871974622694
receptor,6980,10.428,62.029,80.739,1.3745313593526176,-1.3745313593526176
receptor,7000,10.787,62.507,80.739,1.2144176040423196,-1.2144176040423196
receptor,7020,11.787,63.029,80.981,0.8961485869836925,-0.8961485869836925
receptor,7040,16.722,64.029,80.739,1.2066544580914107,-1.2066544580914107
receptor,7060,21.102,67.529,80.739,1.2137648960577054,-1.2137648960577054
receptor,7080,13.787,60.029,81.285,0.9707353468508441,-0.9707353468508441
receptor,7100,19.787,64.029,81.664,1.3875139703444077,-1.3875139703444077
receptor,7120,20.787,66.529,81.386,1.5602179332270079,-1.5602179332270079
receptor,7140,18.787,69.375,81.239,0.9372247519481003,-0.9372247519481003
receptor,7160,19.787,64.42,81.739,1.480514737694587,-1.480514737694587
receptor,7180,20.71,67.029,81.739,1.4516542146954061,-1.4516542146954061
receptor,7200,18.832,64.529,82.239,1.2294463669881717,-1.2294463669881717
receptor,7220,17.288,66.529,82.239,1.2978337011915537,-1.2978337011915537
receptor,7240,17.662,69.029,82.239,1.0974451667385967,-1.0974451667385967
receptor,7260,20.287,66.529,82.888,1.5739808315594095,-1.5739808315594095
receptor,7280,18.787,69.468,82.739,0.8554907063295599,-0.8554907063295599
receptor,7300,17.787,67.029,83.602,1.3902008553871168,-1.3902008553871168
receptor,7320,18.287,69.029,83.365,0.9537096960662511,-0.9537096960662511
receptor,7340,17.787,67.468,83.739,1.3090085521127608,-1.3090085521127608
receptor,7360,19.672,68.529,83.739,0.7856065805428292,-0.7856065805428292
receptor,7380,12.69,73.539,66.739,0.863430593120647,-0.863430593120647
receptor,7400,12.19,74.502,67.222,2.0472208220400807,-2.0472208220400807
receptor,7420,8.0804,68.85,68.239,0.7727760998613121,-0.7727760998613121
receptor,7440,9.787,66.195,68.581,0.501249742575827,-0.501249742575827
receptor,7460,24.446,72.029,68.357,0.39104475516445497,-0.39104475516445497
receptor,7480,26.236,67.624,68.743,0.5082548510682393,-0.5082548510682393
receptor,7500,7.015,70.301,68.954,0.9249357196733,-0.9249357196733
receptor,7520,26.953,67.159,69.739,0.6881827035405647,-0.6881827035405647
receptor,7540,24.865,71.239,69.449,0.8384333496836593,-0.8384333496836593
receptor,7560,6.6144,69.981,69.787,0.9118934110296782,-0.9118934110296782
receptor,7580,10.105,66.529,70.636,0.8998041462351235,-0.8998041462351235
receptor,7600,8.787,68.258,70.446,1.199716096861367,-1.199716096861367
receptor,7620,14.898,78.572,70.739,0.9726887174282348,-0.9726887174282348
receptor,7640,8.4221,68.545,71.106,1.2384209120895513,-1.2384209120895513
receptor,7660,23.544,73.78,70.996,1.2358094436322065,-1.2358094436322065
receptor,7680,9.1262,67.375,71.739,1.0018082939059205,-1.0018082939059205
receptor,7700,6.4873,71.529,71.5,1.0337160683283357,-1.0337160683283357
receptor,7720,9.0158,72.922,71.373,0.6766350847879233,-0.6766350847879233
receptor,7740,23.282,73.97,71.524,1.0935143969644259,-1.0935143969644259
receptor,7760,16.437,80.126,71.589,0.8987107501864879,-0.8987107501864879
receptor,7780,9.0661,67.427,71.841,0.9987321444242665,-0.9987321444242665
receptor,7800,7.287,70.065,71.864,1.0849451711015041,-1.0849451711015041
receptor,7820,10.373,72.72,72.033,0.8096918168234682,-0.8096918168234682
receptor,7840,15.386,79.529,72.098,0.9786674399688967,-0.9786674399688967
receptor,7860,24.52,63.856,72.689,0.8676773411127786,-0.8676773411127786
receptor,7880,26.908,68.481,72.287,1.060853653168448,-1.060853653168448
receptor,7900,9.287,70.422,72.677,0.9502716025816199,-0.9502716025816199
receptor,7920,11.054,73.499,72.269,0.9299552142630727,-0.9299552142630727
receptor,7940,13.838,78.529,72.659,1.4077201917882105,-1.4077201917882105
receptor,7960,12.034,64.797,72.971,1.010934752961898,-1.010934752961898
receptor,7980,9.6457,70.43,72.741,0.9153136382032458,-0.9153136382032458
receptor,8000,23.815,74.326,72.838,1.0277365801635594,-1.0277365801635594
receptor,8020,15.63,81.044,72.895,0.9507405015703259,-0.9507405015703259
receptor,8040,26.287,64.54,73.426,0.8884749256609713,-0.8884749256609713
receptor,8060,9.8592,68.584,73.691,0.8900206943969828,-0.8900206943969828
receptor,8080,11.994,70.536,73.739,1.0517942933880469,-1.0517942933880469
receptor,8100,13.055,77.988,73.739,1.288350274152677,-1.288350274152677
receptor,8120,27.287,65.952,73.907,1.0161304279788954,-1.0161304279788954
receptor,8140,11.025,68.767,74.091,0.8266985464867728,-0.8266985464867728
receptor,8160,12.35,70.139,74.239,1.0318307605003314,-1.0318307605003314
receptor,8180,11.787,73.603,74.112,0.9165693443208109,-0.9165693443208109
receptor,8200,21.222,75.329,74.222,1.0867935818390015,-1.0867935818390015
receptor,8220,25.645,64.165,74.678,0.9355548230568466,-0.9355548230568466
receptor,8240,10.735,68.31,74.242,0.9781855267058661,-0.9781855267058661
receptor,8260,25.262,70.558,74.268,1.5120451802460249,-1.5120451802460249
receptor,8280,12.101,73.529,74.342,0.9007138274436627,-0.9007138274436627
receptor,8300,20.287,75.374,74.423,1.1315848615287643,-1.1315848615287643
receptor,8320,19.009,78.598,74.67,0.9789243476162104,-0.9789243476162104
receptor,8340,13.584,66.029,74.859,0.788922045578604,-0.788922045578604
receptor,8360,27.383,67.167,75.154,1.3178913341519016,-1.3178913341519016
receptor,8380,13.342,69.499,75.239,0.967859086573821,-0.967859086573821
receptor,8400,24.32,73.459,75.164,1.075320964421573,-1.075320964421573
receptor,8420,20.287,75.127,74.783,1.0512875431663387,-1.0512875431663387
receptor,8440,18.696,78.952,74.903,1.1785923577288882,-1.1785923577288882
receptor,8460,27.095,65.0,75.297,0.9499306905449635,-0.9499306905449635
receptor,8480,27.068,67.529,75.437,1.400399181809481,-1.400399181809481
receptor,8500,13.467,70.017,75.251,1.002013268611624,-1.002013268611624
receptor,8520,23.287,72.152,75.683,1.1959382852915659,-1.1959382852915659
receptor,8540,22.454,73.862,75.343,0.9618818694619777,-0.9618818694619777
receptor,8560,18.787,75.95,75.604,1.084993003642931,-1.084993003642931
receptor,8580,15.287,78.405,75.271,1.2776241168580609,-1.2776241168580609
receptor,8600,17.806,79.171,75.654,1.211902515821417,-1.211902515821417
receptor,8620,25.986,64.747,76.239,1.1891797324208486,-1.1891797324208486
receptor,8640,25.664,68.529,75.88,1.226948543565697,-1.226948543565697
receptor,8660,22.555,73.187,75.763,1.0061205109342637,-1.0061205109342637
receptor,8680,15.535,76.529,76.125,1.268302302377124,-1.268302302377124
receptor,8700,16.287,77.277,75.859,1.1562390399809381,-1.1562390399809381
receptor,8720,25.787,64.845,76.451,1.174921226832638,-1.174921226832638
receptor,8740,14.348,71.588,76.483,0.8441192637883481,-0.8441192637883481
receptor,8760,17.175,75.029,76.355,1.1263045441103041,-1.1263045441103041
receptor,8780,15.799,75.041,76.533,1.2209044055388958,-1.2209044055388958
receptor,8800,9.6286,61.871,76.643,1.3361263545742577,-1.3361263545742577
receptor,8820,8.7921,61.121,76.769,1.0616228480248473,-1.0616228480248473
receptor,8840,14.14,65.029,77.229,1.1264340654998437,-1.1264340654998437
receptor,8860,14.472,66.615,77.153,1.0342512696747068,-1.0342512696747068
receptor,8880,15.657,71.419,77.16,1.0497250388636359,-1.0497250388636359
receptor,8900,17.173,73.793,77.125,0.9741763043772688,-0.9741763043772688
receptor,8920,10.158,64.118,77.239,1.2268001761623821,-1.2268001761623821
receptor,8940,17.787,63.212,77.254,1.2618181933764006,-1.2618181933764006
receptor,8960,25.146,66.386,77.332,1.1296892719307419,-1.1296892719307419
receptor,8980,19.904,69.594,77.739,1.2737044376433542,-1.2737044376433542
receptor,9000,19.394,70.636,77.588,1.0516575275601359,-1.0516575275601359
receptor,9020,16.3,72.046,77.406,0.9760490234523185,-0.9760490234523185
receptor,9040,11.624,64.177,77.739,1.1550006964388546,-1.1550006964388546
receptor,9060,10.587,64.257,78.039,0.9298572444760831,-0.9298572444760831
receptor,9080,14.331,66.999,77.769,1.0990744353512187,-1.0990744353512187
receptor,9100,15.522,69.281,78.239,0.9141939030417591,-0.9141939030417591
receptor,9120,16.806,71.529,78.058,0.8376012100507978,-0.8376012100507978
receptor,9140,7.6277,62.746,78.522,1.0799990202366527,-1.0799990202366527
receptor,9160,23.57,66.268,78.59,1.4733732161649464,-1.4733732161649464
receptor,9180,15.645,69.029,78.383,0.9509900440054324,-0.9509900440054324
receptor,9200,18.787,69.673,78.362,1.1830710117399488,-1.1830710117399488
receptor,9220,11.266,60.046,79.194,1.3558524207324407,-1.3558524207324407
receptor,9240,8.1112,61.457,79.079,1.2345129526678422,-1.2345129526678422
receptor,9260,8.5495,64.211,79.001,1.3324263099121494,-1.3324263099121494
receptor,9280,23.787,67.307,78.899,1.3012132415671733,-1.3012132415671733
receptor,9300,22.59,68.961,79.176,0.9694033129189954,-0.9694033129189954
receptor,9320,15.516,59.3,79.739,0.8620687204261978,-0.8620687204261978
receptor,9340,10.287,60.799,79.592,1.3413735230007382,-1.3413735230007382
receptor,9360,10.554,64.229,79.506,1.0451816349349576,-1.0451816349349576
receptor,9380,15.922,67.529,79.457,1.1199664145063857,-1.1199664145063857
receptor,9400,14.195,58.111,79.788,0.7519725872332623,-0.7519725872332623
receptor,9420,15.287,59.27,79.98,0.889104163010182,-0.889104163010182
receptor,9440,15.097,61.265,80.069,1.2134509302934808,-1.2134509302934808
receptor,9460,16.651,63.3,80.177,1.073175046173724,-1.073175046173724
receptor,9480,15.184,64.426,79.81,1.4044022691350584,-1.4044022691350584
receptor,9500,22.505,65.821,80.113,0.8555810970275661,-0.8555810970275661
receptor,9520,17.467,68.948,79.919,1.2178243791063854,-1.2178243791063854
receptor,9540,10.686,61.529,80.458,1.392889713487562,-1.392889713487562
receptor,9560,10.481,62.698,80.739,1.3741043535499735,-1.3741043535499735
receptor,9580,21.317,67.029,80.429,1.299178560947278,-1.299178560947278
receptor,9600,13.787,61.617,80.825,1.065272255481862,-1.065272255481862
receptor,9620,17.051,68.029,81.03,1.301049376501212,-1.301049376501212
receptor,9640,20.735,67.029,81.601,1.4812812579244918,-1.4812812579244918
receptor,9660,17.525,68.648,81.358,1.1518997846494814,-1.1518997846494814
receptor,9680,17.423,66.029,82.2,1.4345125357578368,-1.4345125357578368
receptor,9700,18.248,65.568,82.61,1.4168333132555444,-1.4168333132555444
receptor,9720,9.7297,66.043,68.373,0.4673240970906645,-0.4673240970906645
receptor,9740,8.3949,69.029,71.568,1.2752564408632978,-1.2752564408632978
receptor,9760,14.358,78.728,72.166,1.0907161781349048,-1.0907161781349048
receptor,9780,25.982,70.721,73.239,1.1912702080227526,-1.1912702080227526
receptor,9800,10.913,69.029,73.856,0.9530901632051478,-0.9530901632051478
receptor,9820,20.249,75.172,74.739,1.0794557444033483,-1.0794557444033483
receptor,9840,26.808,67.678,75.641,1.449939260360973,-1.449939260360973
receptor,9860,24.283,63.883,76.239,0.9119429046400331,-0.9119429046400331
receptor,9880,15.004,75.529,76.538,1.2675610291327721,-1.2675610291327721
receptor,9900,10.05,64.15,77.239,1.1681251538992559,-1.1681251538992559
receptor,9920,10.054,59.88,78.739,1.2060653619624442,-1.2060653619624442
receptor,9940,11.649,60.117,79.523,1.4027755991226234,-1.4027755991226234
receptor,9960,15.787,64.381,79.912,1.3005060781490176,-1.3005060781490176
receptor,9980,12.643,73.593,65.714,2.371682960520615,-2.371682960520615
receptor,10000,24.015,70.912,66.604,0.5508508519340913,-0.5508508519340913
receptor,10020,24.729,70.312,67.522,0.5333785057396656,-0.5333785057396656
receptor,10040,8.0807,70.173,67.993,0.8730513259059246,-0.8730513259059246
receptor,10060,25.026,70.013,68.239,0.4132268285408302,-0.4132268285408302
receptor,10080,10.389,65.509,69.016,0.6290183360098056,-0.6290183360098056
receptor,10100,25.766,69.029,69.126,0.6514268466293938,-0.6514268466293938
receptor,10120,24.393,72.113,68.739,0.5844576551611943,-0.5844576551611943
receptor,10140,25.582,69.534,69.447,0.7768687046135674,-0.7768687046135674
receptor,10160,6.4045,71.529,69.424,1.020309527312037,-1.020309527312037
receptor,10180,25.546,69.876,69.739,0.8630326953722323,-0.8630326953722323
receptor,10200,10.287,66.295,70.697,0.9445680378715751,-0.9445680378715751
receptor,10220,8.6764,68.311,70.628,1.2282133453619453,-1.2282133453619453
receptor,10240,14.885,78.547,70.641,0.9050915575338178,-0.9050915575338178
receptor,10260,9.787,66.924,70.84,0.9184622868353676,-0.9184622868353676
receptor,10280,7.287,72.896,71.087,0.9509246499815875,-0.9509246499815875
receptor,10300,9.2542,67.256,71.511,1.03944553328553,-1.03944553328553
receptor,10320,26.023,70.09,71.678,1.0100755801376933,-1.0100755801376933
receptor,10340,8.787,72.938,71.358,0.6738732500784724,-0.6738732500784724
receptor,10360,23.287,73.96,71.508,1.0650223176486977,-1.0650223176486977
receptor,10380,17.675,80.029,71.436,0.9175510418571634,-0.9175510418571634
receptor,10400,27.106,67.074,72.194,1.051860048401611,-1.051860048401611
receptor,10420,25.564,72.364,71.739,1.293175186708014,-1.293175186708014
receptor,10440,25.58,72.349,71.748,1.2895190981388565,-1.2895190981388565
receptor,10460,14.357,78.729,72.167,1.0907161781349048,-1.0907161781349048
receptor,10480,25.342,63.868,72.282,0.8495564142635925,-0.8495564142635925
receptor,10500,26.876,68.529,72.31,1.1067919054942894,-1.1067919054942894
receptor,10520,9.6562,70.898,72.518,0.8812892071622761,-0.8812892071622761
receptor,10540,10.166,72.28,72.239,0.8026382684552793,-0.8026382684552793
receptor,10560,11.287,73.921,72.609,0.8397731979124908,-0.8397731979124908
receptor,10580,15.287,79.391,72.136,0.9630929336911844,-0.9630929336911844
receptor,10600,27.249,66.075,72.861,0.9363994477629465,-0.9363994477629465
receptor,10620,9.5535,70.529,72.706,0.9332415561297411,-0.9332415561297411
receptor,10640,23.787,74.323,72.819,1.0277365801635594,-1.0277365801635594
receptor,10660,18.946,80.089,72.799,1.2941319784716316,-1.2941319784716316
receptor,10680,25.287,64.26,73.385,0.8828761308071078,-0.8828761308071078
receptor,10700,27.153,65.667,73.601,1.0386782855064605,-1.0386782855064605
receptor,10720,11.787,70.975,73.527,1.0869050059921623,-1.0869050059921623
receptor,10740,11.38,74.206,72.945,0.9394730072647632,-0.9394730072647632
receptor,10760,23.877,63.529,73.793,0.6896911629357628,-0.6896911629357628
receptor,10780,27.398,66.148,74.12,1.0801013221783435,-1.0801013221783435
receptor,10800,11.153,69.029,74.006,1.007795252557718,-1.007795252557718
receptor,10820,25.313,70.555,74.215,1.524441339583613,-1.524441339583613
receptor,10840,25.382,73.993,73.739,1.243050494190586,-1.243050494190586
receptor,10860,19.427,77.188,74.08,1.0638843219904048,-1.0638843219904048
receptor,10880,27.417,66.264,74.239,1.088533641728544,-1.088533641728544
receptor,10900,11.154,68.737,74.2,0.8247900107746704,-0.8247900107746704
receptor,10920,25.262,70.558,74.268,1.5120451802460249,-1.5120451802460249
receptor,10940,12.303,73.102,74.439,0.7179365432741109,-0.7179365432741109
receptor,10960,20.435,75.37,74.387,1.0873228709417622,-1.0873228709417622
receptor,10980,14.042,78.74,74.239,1.5058806822291202,-1.5058806822291202
receptor,11000,13.117,65.199,74.979,1.127562302847863,-1.127562302847863
receptor,11020,27.562,66.325,74.943,1.0963302170621574,-1.0963302170621574
receptor,11040,13.287,69.556,75.148,0.9506958194583708,-0.9506958194583708
receptor,11060,25.534,71.8,74.739,1.1879467826841987,-1.1879467826841987
receptor,11080,12.267,73.7,74.703,0.9163185788149409,-0.9163185788149409
receptor,11100,12.892,77.918,74.739,1.287414279113089,-1.287414279113089
receptor,11120,16.033,80.775,74.976,1.1935087399756978,-1.1935087399756978
receptor,11140,12.744,67.029,75.265,0.7790910783681825,-0.7790910783681825
receptor,11160,26.287,67.912,75.695,1.1932866459471136,-1.1932866459471136
receptor,11180,13.624,70.495,75.272,0.9437958024618804,-0.9437958024618804
receptor,11200,23.28,72.171,75.68,1.203480884099939,-1.203480884099939
receptor,11220,21.605,74.452,75.409,1.0076957108319842,-1.0076957108319842
receptor,11240,18.787,75.95,75.604,1.084993003642931,-1.084993003642931
receptor,11260,15.703,78.029,75.431,1.2265814638602524,-1.2265814638602524
receptor,11280,17.29,79.032,75.65,1.1424284056784038,-1.1424284056784038
receptor,11300,13.531,64.029,75.749,1.0979414104790517,-1.0979414104790517
receptor,11320,26.644,67.699,75.739,1.3866975959290297,-1.3866975959290297
receptor,11340,13.446,68.866,75.902,0.7794732050607505,-0.7794732050607505
receptor,11360,22.555,73.187,75.763,1.0061205109342637,-1.0061205109342637
receptor,11380,17.787,76.093,76.124,1.1214394326547596,-1.1214394326547596
receptor,11400,12.745,77.529,75.852,1.126586265914657,-1.126586265914657
receptor,11420,25.671,64.919,76.623,1.2170725223152585,-1.2170725223152585
receptor,11440,23.277,71.039,76.488,1.1869289530386513,-1.1869289530386513
receptor,11460,12.96,74.98,76.457,0.7777887686106734,-0.7777887686106734
receptor,11480,15.81,75.029,76.532,1.2214708672386723,-1.2214708672386723
receptor,11500,12.793,76.029,76.539,0.8680102306239234,-0.8680102306239234
receptor,11520,9.7252,62.467,76.569,1.4337082866155368,-1.4337082866155368
receptor,11540,12.343,63.638,76.739,1.1696550920752973,-1.1696550920752973
receptor,11560,25.299,65.541,77.052,1.1738729697614607,-1.1738729697614607
receptor,11580,23.017,71.029,76.881,1.1410579659356894,-1.1410579659356894
receptor,11600,16.559,74.015,76.739,1.1499854862284318,-1.1499854862284318
receptor,11620,13.986,75.314,76.758,0.974830456923806,-0.974830456923806
receptor,11640,17.435,62.529,77.457,1.2863383687111594,-1.2863383687111594
receptor,11660,10.138,64.029,77.132,1.1868606820576824,-1.1868606820576824
receptor,11680,25.146,66.386,77.332,1.1296892719307419,-1.1296892719307419
receptor,11700,14.287,69.683,77.531,1.042564600772844,-1.042564600772844
receptor,11720,19.287,70.69,77.644,1.0245830086708094,-1.0245830086708094
receptor,11740,16.287,72.062,77.391,0.9749187696690246,-0.9749187696690246
receptor,11760,19.787,72.72,77.668,0.7854044546354886,-0.7854044546354886
receptor,11780,17.595,63.091,77.739,1.466599952715718,-1.466599952715718
receptor,11800,18.713,63.692,78.165,1.431756664682172,-1.431756664682172
receptor,11820,14.787,69.589,77.874,1.0450236095612004,-1.0450236095612004
receptor,11840,21.786,69.529,78.018,1.2648798377190151,-1.2648798377190151
receptor,11860,19.925,72.216,77.75,0.8957969300191186,-0.8957969300191186
receptor,11880,18.284,63.529,78.361,1.1917502637230635,-1.1917502637230635
receptor,11900,23.559,66.029,78.527,1.4643199320716451,-1.4643199320716451
receptor,11920,15.468,69.225,78.239,0.9259370220391131,-0.9259370220391131
receptor,11940,16.287,69.342,78.618,0.9063757321915044,-0.9063757321915044
receptor,11960,9.9714,60.029,78.764,1.2112295146173302,-1.2112295146173302
receptor,11980,8.787,60.838,79.086,1.3200089599699407,-1.3200089599699407
receptor,12000,7.9264,63.529,78.995,1.0599236217031074,-1.0599236217031074
receptor,12020,23.62,66.725,78.739,1.3626029733763163,-1.3626029733763163
receptor,12040,19.294,69.141,78.799,1.1481092020006458,-1.1481092020006458
receptor,12060,17.977,69.924,78.898,1.006865435438424,-1.006865435438424
receptor,12080,15.348,60.075,79.579,1.1585185354415617,-1.1585185354415617
receptor,12100,7.8827,62.718,79.55,1.1180350588586918,-1.1180350588586918
receptor,12120,14.025,65.064,79.239,1.476514746469718,-1.476514746469718
receptor,12140,22.87,68.672,79.379,0.9023409727214914,-0.9023409727214914
receptor,12160,12.787,58.689,79.743,0.6027943699102701,-0.6027943699102701
receptor,12180,11.656,60.195,79.582,1.3858992952454008,-1.3858992952454008
receptor,12200,15.051,61.029,80.08,1.1463235245414611,-1.1463235245414611
receptor,12220,17.287,62.847,79.936,1.212810987268187,-1.212810987268187
receptor,12240,15.05,64.481,79.739,1.4298507307438453,-1.4298507307438453
receptor,12260,15.77,66.512,80.141,1.443861384081791,-1.443861384081791
receptor,12280,16.82,68.277,79.951,1.1959964579619777,-1.1959964579619777
receptor,12300,15.072,59.029,80.254,0.7877933637954636,-0.7877933637954636
receptor,12320,14.894,61.457,80.193,0.9396875360204238,-0.9396875360204238
receptor,12340,10.416,63.158,80.556,1.2592181182293916,-1.2592181182293916
receptor,12360,21.317,67.029,80.429,1.299178560947278,-1.299178560947278
receptor,12380,12.787,61.564,80.817,0.988290318174503,-0.988290318174503
receptor,12400,13.102,63.029,80.773,0.9426595683336783,-0.9426595683336783
receptor,12420,21.17,65.687,81.239,1.4832323451150635,-1.4832323451150635
receptor,12440,17.287,68.324,81.37,1.2955450085520746,-1.2955450085520746
receptor,12460,18.911,69.396,81.363,0.8659324586483742,-0.8659324586483742
receptor,12480,16.944,67.029,81.865,1.2123478923250937,-1.2123478923250937
receptor,12500,11.685,74.996,65.887,2.371682960520615,-2.371682960520615
receptor,12520,9.8111,67.079,70.394,0.950216810075856,-0.950216810075856
receptor,12540,10.173,72.558,72.064,0.7845341411505664,-0.7845341411505664
receptor,12560,25.933,70.88,72.79,1.1860076464247191,-1.1860076464247191
receptor,12580,13.629,66.132,74.889,0.792711426958678,-0.792711426958678
receptor,12600,15.374,75.474,76.462,1.358715821431053,-1.358715821431053
receptor,12620,19.386,70.659,77.596,1.047318827916824,-1.047318827916824
receptor,12640,16.079,60.598,78.886,0.9899985275517734,-0.9899985275517734
receptor,12660,10.69,61.224,80.095,1.3850290715005078,-1.3850290715005078
receptor,12680,24.065,70.76,66.708,0.5419129781168457,-0.5419129781168457
receptor,12700,7.8234,70.317,68.278,0.8852454248024879,-0.8852454248024879
receptor,12720,27.017,67.865,72.014,1.0302285420766053,-1.0302285420766053
receptor,12740,23.106,74.547,72.36,1.1326816889454179,-1.1326816889454179
receptor,12760,19.521,76.049,74.563,1.0167961310838394,-1.0167961310838394
receptor,12780,22.452,73.886,75.327,0.9583954670512455,-0.9583954670512455
receptor,12800,26.059,67.859,76.711,1.2623367508473395,-1.2623367508473395
receptor,12820,14.606,66.439,76.843,1.1146911727167208,-1.1146911727167208
receptor,12840,15.691,68.959,78.413,0.9706737288042186,-0.9706737288042186
receptor,12860,15.768,64.298,79.899,1.3159097074561668,-1.3159097074561668
